Plot,NE,Species,Leaf count,Leaf size,LAI,Percent cover,,,,,,,,,,,,A,NE
34,NE,ACERUB,115,4,460,A,,,,,,,,,,,,B,SE
34,NE,MIACAN,8,8,64,A,,,,,,,,,,,,C,SW
34,NE,GOOTESS,7,3,21,A,,,,,,,,,,,,D,NW
34,NE,DIPDIG,-1,-1,40,A,,,,,,,,,,,,E,NE2
34,NE,PRUVIR,3,5,15,A,,,,,,,,,,,,F,SE2
34,NE,UNK004,2,4,8,A,,,,,,,,,,,,,SW2
34,NE2,BRAARI,8,10,80,B,,,,,,,,,,,,,NW2
34,NE2,ACESAC,14,2,28,A,,,,,,,,,,,,,
34,NE2,ACEPEN,32,3,96,A,,,,,,,,,,,,,
34,NE2,DIPDIG,-1,-1,40,A,,,,,,,,,,,,,
34,NE2,MIACAN,3,15,45,A,,,,,,,,,,,,,
34,NE2,CLIBOR,1,20,20,A,,,,,,,,,,,,,
34,NE2,FAGGRA,45,40,1800,B,,,,,,,,,,,,,
34,SE,UVUSES,31,7,217,A,,,,,,,,,,,,,
34,SE,MIACAN,26,8,208,A,,,,,,,,,,,,,
34,SE,ACESAC,134,2,268,A,,,,,,,,,,,,,
34,SE,DIPDIG,-1,-1,40,A,,,,,,,,,,,,,
34,SE,ACEPEN,2,6,12,A,,,,,,,,,,,,,
34,SE,CLIBOR,2,17,34,A,,,,,,,,,,,,,
34,SE,PRUVIR,2,3,6,A,,,,,,,,,,,,,
34,SW,VIOBLA,4,3,12,,,,,,,,,,,,,,
34,SW,UVUSES,37,7,259,,,,,,,,,,,,,,
34,SW,DIPDIG,-1,-1,30,,,,,,,,,,,,,,
34,SW,ABIBAL,-1,-1,60,,,,,,,,,,,,,,
34,SW,ACEPEN,3,4,12,,,,,,,,,,,,,,
34,SW,PRUVIR,6,8,48,,,,,,,,,,,,,,
34,SW,BETALL,0.5,2,1,,,,,,,,,,,,,,
34,NW,MEDVIR,13,6,78,,,,,,,,,,,,,,
34,NW,MIACAN,6,15,90,,,,,,,,,,,,,,
34,NW,DIPDIG,20,40,800,,,,,,,,,,,,,,
34,NW,ACEPEN,2,5,10,,,,,,,,,,,,,,
34,NW,ACESAC,26,2,52,,,,,,,,,,,,,,
34,NW,DRYINT,3,65,195,,,,,,,,,,,,,,
34,NW,FAGGRA,2,25,50,,,,,,,,,,,,,,
34,NW,BETALL,4,0.5,2,,,,,,,,,,,,,,
128,NE,VIOBLA,37,12.5,462.5,,,,,,,,,,,,,,
128,NE,OXAMON,84,7,588,,,,,,,,,,,,,,
128,NE,CLIBOR,10,50,500,,,,,,,,,,,,,,
128,NE,MIACAN,8,10,80,,,,,,,,,,,,,,
128,NE,ACESAC,33,25,825,,,,,,,,,,,,,,
128,NE,TRIBOR,23,6,138,,,,,,,,,,,,,,
128,NE,RUBIDE,60,15,900,,,,,,,,,,,,,,
128,NE,PRUSER,20,17,340,,,,,,,,,,,,,,
128,NE,DRYINT,20,210,4200,,,,,,,,,,,,,,
128,NE,ACERUB,9,15,135,,,,,,,,,,,,,,
128,NE,BRAERE,6,12,72,,,,,,,,,,,,,,
128,NE,UNK007,1,12,12,,,,,,,,,,,,,,
128,SE,CORCOR,27,30,810,,,,,,,,,,,,,,
128,SE,OXAMON,114,6,684,,,,,,,,,,,,,,
128,SE,CLIBOR,12,30,360,,,,,,,,,,,,,,
128,SE,ACERUB,28,30,840,,,,,,,,,,,,,,
128,SE,TRIGRA,6,65,390,,,,,,,,,,,,,,
128,SE,MIACAN,54,10,540,,,,,,,,,,,,,,
128,SE,CHACAM,40,12,480,,,,,,,,,,,,,,
128,SE,FAGGRA,96,75,7200,,,,,,,,,,,,,,
128,SE,DRYINT,7,80,560,,,,,,,,,,,,,,
128,SE,ARANUD,3,175,525,,,,,,,,,,,,,,
128,SE,LONCAN,35,15,525,,,,,,,,,,,,,,
128,SE,UNK004,27,5,135,,,,,,,,,,,,,,
128,SW2,VIOBLA,26,10,260,,,,,,,,,,,,,,
128,SW2,ACESPI,24,40,960,,,,,,,,,,,,,,
128,SW2,TRIBOR,41,13,533,,,,,,,,,,,,,,
128,SW2,DRYINT,24,250,6000,,,,,,,,,,,,,,
128,SW2,ACERUB,5,50,250,,,,,,,,,,,,,,
128,SW2,RUBIDE,41,15,615,,,,,,,,,,,,,,
128,SW2,OXAMON,54,10,540,,,,,,,,,,,,,,
128,SW2,ACEPEN,2,7,14,,,,,,,,,,,,,,
128,SW2,CLIBOR,10,20,200,,,,,,,,,,,,,,
128,SW2,MIACAN,10,15,150,,,,,,,,,,,,,,
128,SW2,STRROS,2,6,12,,,,,,,,,,,,,,
128,SW,OXAMON,117,6,702,,,,,,,,,,,,,,
128,SW,DRYINT,31,210,6510,,,,,,,,,,,,,,
128,SW,TRIBOR,33,7,231,,,,,,,,,,,,,,
128,SW,ACERUB,41,25,1025,,,,,,,,,,,,,,
128,SW,MIACAN,20,15,300,,,,,,,,,,,,,,
128,SW,RUBIDE,11,20,220,,,,,,,,,,,,,,
128,SW,CLIBOR,9,15,135,,,,,,,,,,,,,,
128,SW,BETALL,28,10,280,,,,,,,,,,,,,,
128,SW,ACEPEN,2,7,14,,,,,,,,,,,,,,
128,NW,ACESPI,56,50,2800,,,,,,,,,,,,,,
128,NW,ACERUB,92,50,4600,,,,,,,,,,,,,,
128,NW,BETALL,72,55,3960,,,,,,,,,,,,,,
128,NW,OXAMON,56,5,280,,,,,,,,,,,,,,
128,NW,DRYINT,9,230,2070,,,,,,,,,,,,,,
128,NW,MIACAN,1,20,20,,,,,,,,,,,,,,
128,NW,TRIBOR,5,3,15,,,,,,,,,,,,,,
198,NE,ACESAC,5,5,25,A,,,,,,,,,,,,,
198,NE,MIACAN,35,5,175,A,,,,,,,,,,,,,
198,NE,FAGGRA,16,30,480,A,,,,,,,,,,,,,
198,NE,TRIBOR,25,3,75,A,,,,,,,,,,,,,
198,NE,VIBLAT,1,35,35,A,,,,,,,,,,,,,
198,NE,DRYINT,1,10,10,A,,,,,,,,,,,,,
198,SE,ACESAC,8,1.5,12,A,,,,,,,,,,,,,
198,SE,FAGGRA,23,35,805,A,,,,,,,,,,,,,
198,SE,OXAMON,6,2,12,A,,,,,,,,,,,,,
198,SE,DRYINT,2,100,200,A,,,,,,,,,,,,,
198,SW,ACESAC,1,1,1,A,,,,,,,,,,,,,
198,SW,MIACAN,3,20,60,A,,,,,,,,,,,,,
198,SE2,VIBLAT,22,80,1760,B,,,,,,,,,,,,,
198,SE2,MIACAN,40,15,600,A,,,,,,,,,,,,,
198,SE2,TRIBOR,6,10,60,A,,,,,,,,,,,,,
198,SE2,FAGGRA,55,35,1925,B,,,,,,,,,,,,,
198,SE2,DRYINT,5,80,400,B,,,,,,,,,,,,,
198,SE2,CLIBOR,4,40,160,A,,,,,,,,,,,,,
198,NW,VIBLAT,7,50,350,A,,,,,,,,,,,,,
199,NE,ANEQUI,23,10,230,A,,,,,,,,,,,,,
199,NE,MITREP,25,1,25,A,,,,,,,,,,,,,
199,NE,UVUSES,30,5,150,A,,,,,,,,,,,,,
199,NE,BRAARI,27,10,270,A,,,,,,,,,,,,,
199,NE,THENOV,22,10,220,A,,,,,,,,,,,,,
199,NE,TRIBOR,13,2,26,A,,,,,,,,,,,,,
199,NE,ERYAME,2,3,6,A,,,,,,,,,,,,,
199,NE2,UVUSES,29,6,174,A,,,,,,,,,,,,,
199,NE2,VIBLAT,4,10,40,A,,,,,,,,,,,,,
199,NE2,PREULT,3,15,45,A,,,,,,,,,,,,,
199,NE2,MITREP,16,1,16,A,,,,,,,,,,,,,
199,NE2,ACERUB,20,1,20,A,,,,,,,,,,,,,
199,NE2,ERYAME,5,7,35,A,,,,,,,,,,,,,
199,NE2,THENOV,2,8,16,A,,,,,,,,,,,,,
199,NE2,TRIBOR,17,3,51,A,,,,,,,,,,,,,
199,NE2,MIACAN,6,6,36,A,,,,,,,,,,,,,
199,NE2,ANEQUI,9,10,90,A,,,,,,,,,,,,,
199,NE2,ARANUD,3,5,15,A,,,,,,,,,,,,,
199,SE,MIACAN,1,5,5,A,,,,,,,,,,,,,
199,SE,MITREP,227,1,227,A,,,,,,,,,,,,,
199,SE,ANEQUI,2,5,10,A,,,,,,,,,,,,,
199,SE,BRAARI,2,5,10,A,,,,,,,,,,,,,
199,SE,ACERUB,4,0.5,2,A,,,,,,,,,,,,,
199,SE,UVUSES,3,2,6,A,,,,,,,,,,,,,
199,SW,UVUSES,47,5,235,A,,,,,,,,,,,,,
199,SW,CLIBOR,8,10,80,A,,,,,,,,,,,,,
199,SW,ACERUB,8,0.5,4,A,,,,,,,,,,,,,
199,SW,MIACAN,4,2,8,A,,,,,,,,,,,,,
199,NW,MEDVIR,55,7,385,B,,,,,,,,,,,,,
199,NW,UVUSES,30,5,150,A,,,,,,,,,,,,,
199,NW,MIACAN,7,10,70,A,,,,,,,,,,,,,
199,NW,TRIBOR,34,4,136,A,,,,,,,,,,,,,
199,NW,ANEQUI,8,4,32,A,,,,,,,,,,,,,
199,NW,THENOV,7,10,70,A,,,,,,,,,,,,,
199,NW,MITREP,486,1,486,B,,,,,,,,,,,,,
199,NW,PICRUB,-1,-1,3260,C,,,,,,,,,,,,,
199,NW,TSUCAN,-1,-1,75,A,,,,,,,,,,,,,
199,NW,BRAARI,2,10,20,A,,,,,,,,,,,,,
199,NW,ACERUB,6,0.5,3,A,,,,,,,,,,,,,
199,NW,BETALL,6,8,48,A,,,,,,,,,,,,,
197,NE,ACESAC,10,3,30,A,,,,,,,,,,,,,
197,NE,DRYINT,2,40,80,A,,,,,,,,,,,,,
197,NE,LYCHIC,1,80,80,A,,,,,,,,,,,,,
197,NE,MIACAN,1,10,10,A,,,,,,,,,,,,,
197,NE,HUPLUC,1,5,5,A,,,,,,,,,,,,,
197,SE,ACEPEN,2,3,6,A,,,,,,,,,,,,,
197,SE,ACESAC,8,0.5,4,A,,,,,,,,,,,,,
197,SE,PICRUB2,-1,-1,2040,C,,,,,,,,,,,,,
197,SW,ACESAC,1.5,16,24,A,,,,,,,,,,,,,
197,NW2,STRROS,14,12,168,A,,,,,,,,,,,,,
197,NW2,VIBLAT,4,15,60,A,,,,,,,,,,,,,
197,NW2,ACESAC,10,2,20,A,,,,,,,,,,,,,
197,NW2,MIACAN,1,10,10,A,,,,,,,,,,,,,
197,NW,STRROS,3,17,51,A,,,,,,,,,,,,,
197,NW,UVUSES,5,4,20,A,,,,,,,,,,,,,
197,NW,ACESAC,6,1,6,A,,,,,,,,,,,,,
195,NE,TIACOR,14,20,280,A,,,,,,,,,,,,,
195,NE,VIBNUD,55,10,550,A,,,,,,,,,,,,,
195,NE,ARANUD,7,20,140,A,,,,,,,,,,,,,
195,NE,ACESAC,-1,-1,280,A,,,,,,,,,,,,,
195,NE,DRYINT,3,175,525,A,,,,,,,,,,,,,
195,NE,UVUSES,60,13,780,A,,,,,,,,,,,,,
195,NE,PRUSPP,8,8,64,A,,,,,,,,,,,,,
195,NE,MEDVIR,46,10,460,A,,,,,,,,,,,,,
195,NE,TRIBOR,102,10,1020,A,,,,,,,,,,,,,
195,NE,UNK008,-1,-1,390,A,,,,,,,,,,,,,
195,NE,UNK009,4,20,80,A,,,,,,,,,,,,,
195,NE,UNK010,2,60,120,A,,,,,,,,,,,,,
195,NE,VIOBLA,7,15,105,A,,,,,,,,,,,,,
195,NE,VIOPUB,3,10,30,A,,,,,,,,,,,,,
195,SE2,BRAARI,13,45,585,A,,,,,,,,,,,,,
195,SE2,ARANUD,70,45,3150,C,,,,,,,,,,,,,
195,SE2,UVUSES,9,7,63,A,,,,,,,,,,,,,
195,SE2,MIACAN,15,15,225,A,,,,,,,,,,,,,
195,SE2,PRUVIR,24,12,288,A,,,,,,,,,,,,,
195,SE2,TRIBOR,33,10,330,A,,,,,,,,,,,,,
195,SE2,ACERUB,84,2,168,A,,,,,,,,,,,,,
195,SE2,ACTPAC,37,5,185,A,,,,,,,,,,,,,
195,SE2,CORCOR,3,20,60,A,,,,,,,,,,,,,
195,SE2,PRUSPP,58,15,870,B,,,,,,,,,,,,,
195,SE2,FRAAME,24,25,600,A,,,,,,,,,,,,,
195,SE2,CLEVIR,42,5,210,A,,,,,,,,,,,,,
195,SE,MIARAC,4,20,80,A,,,,,,,,,,,,,
195,SE,TRIBOR,86,7,602,A,,,,,,,,,,,,,
195,SE,PRUVIR,5,15,75,A,,,,,,,,,,,,,
195,SE,UVUSES,59,7,413,A,,,,,,,,,,,,,
195,SE,ACESAC,5,75,375,A,,,,,,,,,,,,,
195,SE,ACERUB,66,2,132,A,,,,,,,,,,,,,
195,SE,OXAMON,102,3,306,A,,,,,,,,,,,,,
195,SE,MIACAN,6,8,48,A,,,,,,,,,,,,,
195,SE,UNK009,3,15,45,A,,,,,,,,,,,,,
195,SE,PYRSPP,11,15,165,A,,,,,,,,,,,,,
195,SE,ARITRI,9,6,54,A,,,,,,,,,,,,,
195,SE,CORALT,4,12,48,A,,,,,,,,,,,,,
195,SE,BETALL,4,1,4,A,,,,,,,,,,,,,
195,SE,PINSTR,1,0.5,0.5,A,,,,,,,,,,,,,
195,SE,ABIBAL,1,1,1,A,,,,,,,,,,,,,
195,SE,ACESAC2,6,100,600,B,,,,,,,,,,,,,
195,SE,PICRUB2,-1,-1,30,A,,,,,,,,,,,,,
195,SW,PRUVIR,165,12,1980,B,,,,,,,,,,,,,
195,SW,ARANUD,59,35,2065,B,,,,,,,,,,,,,
195,SW,UVUSES,96,10,960,B,,,,,,,,,,,,,
195,SW,UNK009,16,20,320,A,,,,,,,,,,,,,
195,SW,ACESAC,-1,-1,252,A,,,,,,,,,,,,,
195,SW,UNK012,1,80,80,A,,,,,,,,,,,,,
195,SW,TRIBOR,4,5,20,A,,,,,,,,,,,,,
195,SW,ARITRI,9,12,108,A,,,,,,,,,,,,,
195,SW,BRAARI,6,5,30,A,,,,,,,,,,,,,
195,NW,ARANUD,54,45,2430,B,,,,,,,,,,,,,
195,NW,CORCOR,56,24,1344,B,,,,,,,,,,,,,
195,NW,UNK008,76,1.5,114,B,,,,,,,,,,,,,
195,NW,PRUVIR,90,12,1080,A,,,,,,,,,,,,,
195,NW,FRAAME,3,20,60,B,,,,,,,,,,,,,
195,NW,TRIBOR,18,3,54,B,,,,,,,,,,,,,
195,NW,ACESAC,102,2,204,B,,,,,,,,,,,,,
3,NE,ACESAC,46,2,92,A,,,,,,,,,,,,,
3,NE,DRYINT,3,90,270,A,,,,,,,,,,,,,
3,NE,FRAAME,2,0.5,1,A,,,,,,,,,,,,,
3,SE,FAGGRA,2,8,16,A,,,,,,,,,,,,,
3,SE,ACESAC,54,2,108,A,,,,,,,,,,,,,
3,SE,DRYINT,1,175,175,A,,,,,,,,,,,,,
3,SE,UNK013,9,10,90,A,,,,,,,,,,,,,
3,SE,CLIBOR,2,10,20,A,,,,,,,,,,,,,
3,SE,UVUSES,6,4,24,A,,,,,,,,,,,,,
3,SW,DRYINT,34,150,5100,C,,,,,,,,,,,,,
3,SW,MEDVIR,6,6,36,A,,,,,,,,,,,,,
3,SW,UVUSES,30,6,180,A,,,,,,,,,,,,,
3,SW,ACERUB,32,2,64,A,,,,,,,,,,,,,
3,SW,FRAAME,4,1,4,A,,,,,,,,,,,,,
3,SW2,DRYINT,10,150,1500,B,,,,,,,,,,,,,
3,SW2,FAGGRA,5,10,50,A,,,,,,,,,,,,,
3,SW2,ACESAC,33,2,66,A,,,,,,,,,,,,,
3,SW2,UVUSES,48,5,240,A,,,,,,,,,,,,,
3,SW2,OXAMON,9,2,18,A,,,,,,,,,,,,,
3,NW,MEDVIR,12,15,180,A,,,,,,,,,,,,,
3,NW,DRYINT,15,200,3000,B,,,,,,,,,,,,,
3,NW,ACEPEN,21,90,1890,A,,,,,,,,,,,,,
3,NW,ACESAC,16,1,16,A,,,,,,,,,,,,,
3,NW,VIBLAT,4,60,240,A,,,,,,,,,,,,,
3,NW,FRAAME,4,2,8,A,,,,,,,,,,,,,
101,NE,COPTRI,1104,1.5,1656,B,,,,,,,,,,,,,
101,NE,TSUCAN,-1,-1,80,A,,,,,,,,,,,,,
101,NE,TRIBOR,12,15,180,A,,,,,,,,,,,,,
101,NE,MIACAN,3,15,45,A,,,,,,,,,,,,,
101,NE,OXAMON,18,2,36,A,,,,,,,,,,,,,
101,NE,PICRUB,-1,-1,100,A,,,,,,,,,,,,,
101,NE,ACERUB,24,1,24,A,,,,,,,,,,,,,
101,NE,ARANUD,9,2,18,A,,,,,,,,,,,,,
101,NE,ABIBAL,-1,-1,200,A,,,,,,,,,,,,,
101,SE,CYPACA,2,25,50,A,,,,,,,,,,,,,
101,SE,TRISPP,7,30,210,A,,,,,,,,,,,,,
101,SE,MIACAN,14,8,112,A,,,,,,,,,,,,,
101,SE,COPTRI,48,2,96,A,,,,,,,,,,,,,
101,SE,ACERUB,17,1.5,25.5,A,,,,,,,,,,,,,
101,SE,TRIBOR,17,30,510,A,,,,,,,,,,,,,
101,SE,OXAMON,3,1.5,4.5,A,,,,,,,,,,,,,
101,SE,MEDVIR,18,6,108,A,,,,,,,,,,,,,
101,SE,DRYINT,1,70,70,A,,,,,,,,,,,,,
101,SE,ARANUD,53,40,2120,B,,,,,,,,,,,,,
101,SE,CLIBOR,3,40,120,A,,,,,,,,,,,,,
101,SE,HUPLUC,8,10,80,A,,,,,,,,,,,,,
101,SE,VIBLAT,13,125,1625,B,,,,,,,,,,,,,
101,SE2,ARANUD,8,50,400,A,,,,,,,,,,,,,
101,SE2,ACERUB,92,0.5,46,A,,,,,,,,,,,,,
101,SE2,MIACAN,2,15,30,A,,,,,,,,,,,,,
101,SE2,COPTRI,40,2,80,A,,,,,,,,,,,,,
101,SE2,AMESPP,4,5,20,A,,,,,,,,,,,,,
101,SE2,VIBLAT,8,80,640,A,,,,,,,,,,,,,
101,SE2,CLIBOR,2,15,30,A,,,,,,,,,,,,,
101,SE2,ABIBAL,2,1,2,A,,,,,,,,,,,,,
101,SE2,OXAMON,9,2,18,A,,,,,,,,,,,,,
101,SE2,BETALL,2,1,2,A,,,,,,,,,,,,,
101,SW,TRISPP,11,70,770,A,,,,,,,,,,,,,
101,SW,CLIBOR,7,40,280,A,,,,,,,,,,,,,
101,SW,DRYINT,11,150,1650,B,,,,,,,,,,,,,
101,SW,OXAMON,1,6,6,A,,,,,,,,,,,,,
101,SW,ACERUB,134,1.5,201,A,,,,,,,,,,,,,
101,SW,LYCDEN,5,60,300,A,,,,,,,,,,,,,
101,NW,SORAME,5,45,225,A,,,,,,,,,,,,,
101,NW,ACERUB,90,2,180,A,,,,,,,,,,,,,
101,NW,ARANUD,9,25,225,A,,,,,,,,,,,,,
101,NW,BETALL,2,0.5,1,A,,,,,,,,,,,,,
101,NW,ABIBAL,7,0.5,3.5,A,,,,,,,,,,,,,
115,NE,DRYINT,12,220,2640,B,,,,,,,,,,,,,
115,NE,CLIBOR,10,25,250,A,,,,,,,,,,,,,
115,NE,ABIBAL,-1,-1,90,A,,,,,,,,,,,,,
115,NE,ACERUB,48,3,144,A,,,,,,,,,,,,,
115,NE,RUBPUB,6,20,120,A,,,,,,,,,,,,,
115,NE,MIACAN,6,15,90,A,,,,,,,,,,,,,
115,NE,UNK004,4,5,20,A,,,,,,,,,,,,,
115,NW,OXAMON,53,6,318,A,,,,,,,,,,,,,
115,NW,ACERUB,-1,-1,392,A,,,,,,,,,,,,,
115,NW,TRIBOR,24,4,96,A,,,,,,,,,,,,,
115,NW,CLIBOR,1,15,15,A,,,,,,,,,,,,,
115,NW,CHACAN,12,4,48,A,,,,,,,,,,,,,
115,NW,MIACAN,1,5,5,A,,,,,,,,,,,,,
115,NW,DRYINT,1,50,50,A,,,,,,,,,,,,,
115,SW2,DRYINT,4,60,240,A,,,,,,,,,,,,,
115,SW2,ACERUB,-1,-1,304,A,,,,,,,,,,,,,
115,SW2,OXAMON,85,6,510,A,,,,,,,,,,,,,
115,SW2,BETALL,58,30,1740,A,,,,,,,,,,,,,
115,SW2,MIACAN,1,8,8,A,,,,,,,,,,,,,
115,SW2,PRUVIR,3,3,9,A,,,,,,,,,,,,,
115,SW2,TRIBOR,5,7,35,A,,,,,,,,,,,,,
115,SW2,ABIBAL,-1,-1,160,A,,,,,,,,,,,,,
115,SW2,ACESPI,2,3,6,A,,,,,,,,,,,,,
115,SW,RIBGLA,12,20,240,A,,,,,,,,,,,,,
115,SW,ABIBAL,-1,-1,30,A,,,,,,,,,,,,,
115,SW,ACERUB,86,2.5,30,A,,,,,,,,,,,,,
115,SW,MIACAN,12,8,96,A,,,,,,,,,,,,,
115,SW,OXAMON,12,6,72,A,,,,,,,,,,,,,
115,SW,UNK004,3,2,6,A,,,,,,,,,,,,,
115,SW,STRROS,7,8,56,A,,,,,,,,,,,,,
115,SW,BETALL,12,35,420,A,,,,,,,,,,,,,
115,SW,ACESPI,13,10,130,A,,,,,,,,,,,,,
115,SW,TRIBOR,19,8,152,A,,,,,,,,,,,,,
115,SW,PICRUB,1,1,1,A,,,,,,,,,,,,,
115,NW,MIACAN,50,15,750,A,,,,,,,,,,,,,
115,NW,DRYINT,18,100,1800,A,,,,,,,,,,,,,
115,NW,TRIBOR,19,10,190,A,,,,,,,,,,,,,
115,NW,HUPLUC,5,15,75,A,,,,,,,,,,,,,
115,NW,OXAMON,105,2,210,A,,,,,,,,,,,,,
115,NW,ACERUB,76,2,152,A,,,,,,,,,,,,,
115,NW,ABIBAL2,-1,-1,50,A,,,,,,,,,,,,,
115,NW,TSUCAN2,-1,-1,50,A,,,,,,,,,,,,,
115,NW,TSUCAN,-1,-1,15,A,,,,,,,,,,,,,
107,NE,MIARAC,9,6,54,A,,,,,,,,,,,,,
107,NE,DENPUN,4,70,280,A,,,,,,,,,,,,,
107,NE,ACERUB,38,2,76,A,,,,,,,,,,,,,
107,NE,FAGGRA,190,40,7600,C,,,,,,,,,,,,,
107,NE,MITREP,13,1.5,19.5,A,,,,,,,,,,,,,
107,SE,FAGGRA,213,40,8520,D,,,,,,,,,,,,,
107,SE,ACEPEN,-1,-1,486,A,,,,,,,,,,,,,
107,SE,MIACAN,4,2.5,10,A,,,,,,,,,,,,,
107,SE,ACERUB,46,2.5,115,A,,,,,,,,,,,,,
107,SE,DRYINT,2,65,130,A,,,,,,,,,,,,,
107,SE,BETALL,2,0.5,1,A,,,,,,,,,,,,,
107,SW,BETALL,15,12.5,187.5,A,,,,,,,,,,,,,
107,SW,ACEPEN,15,175,2625,B,,,,,,,,,,,,,
107,SW,UVUSES,10,8,80,A,,,,,,,,,,,,,
107,SW,TRIBOR,9,8,72,A,,,,,,,,,,,,,
107,SW,ACERUB,19,2,38,A,,,,,,,,,,,,,
107,SW,MIACAN,12,7,84,A,,,,,,,,,,,,,
107,SW,FAGGRA,7,8,56,A,,,,,,,,,,,,,
107,NW2,ARANUD,33,25,825,A,,,,,,,,,,,,,
107,NW2,TRIBOR,13,5,65,A,,,,,,,,,,,,,
107,NW2,BETALL,12,1.5,18,A,,,,,,,,,,,,,
107,NW2,FAGGRA,74,40,2960,B,,,,,,,,,,,,,
107,NW2,ACERUB,32,2,64,A,,,,,,,,,,,,,
107,NW2,MIACAN,1,4,4,A,,,,,,,,,,,,,
107,NW2,MIARAC,3,4,12,A,,,,,,,,,,,,,
107,NW2,FAGGRA2,33,45,1485,A,,,,,,,,,,,,,
107,NW,FAGGRA,97,45,4365,C,,,,,,,,,,,,,
107,NW,ARANUD,3,10,30,A,,,,,,,,,,,,,
107,NW,ACERUB,12,2,24,A,,,,,,,,,,,,,
107,NW,MIACAN,1,5,5,A,,,,,,,,,,,,,
197,NE2,UVUSES,6,8,48,A,,,,,,,,,,,,,
197,NE2,STRAMP,11,15,165,A,,,,,,,,,,,,,
197,NE2,ACESAC,12,1,12,A,,,,,,,,,,,,,
197,NE,LYCHIC,-1,-1,270,A,,,,,,,,,,,,,
197,NE,DRYINT,2,40,80,A,,,,,,,,,,,,,
197,NE,ACESAC,12,1,12,A,,,,,,,,,,,,,
197,NE,ACEPEN,4,3,12,A,,,,,,,,,,,,,
197,NE,HUPLUC,1,3,3,A,,,,,,,,,,,,,
197,NE,MIACAN,1,5,5,A,,,,,,,,,,,,,
197,SE,ACERUB,5,0.5,2.5,A,,,,,,,,,,,,,
197,SE,PICRUB2,-1,-1,380,A,,,,,,,,,,,,,
197,SW,ACESAC,12,1.5,18,A,,,,,,,,,,,,,
197,NW,MIARAC,3,20,60,A,,,,,,,,,,,,,
197,NW,UVUSES,5,5,25,A,,,,,,,,,,,,,
197,NW,ACESAC,2,3,6,A,,,,,,,,,,,,,
126,NE,ABIBAL,-1,-1,135,A,,,,,,,,,,,,,
126,NE,OXAMON,115,7.5,862.5,B,,,,,,,,,,,,,
126,NE,CARARC,15,30,450,A,,,,,,,,,,,,,
126,NE,FAGGRA2,45,25,1125,B,,,,,,,,,,,,,
126,NE,BETALL,2,3,6,A,,,,,,,,,,,,,
126,NE,LONCAN,4,4,16,A,,,,,,,,,,,,,
126,NE,ACEPEN,7,15,105,A,,,,,,,,,,,,,
126,NE,ACESAC,52,3,156,A,,,,,,,,,,,,,
126,SE,ABIBAL,-1,-1,50,A,,,,,,,,,,,,,
126,SE,ACEPEN,-1,-1,116,A,,,,,,,,,,,,,
126,SE,ACESAC,66,1,66,A,,,,,,,,,,,,,
126,SE2,PRYOLA,24,4,96,A,,,,,,,,,,,,,
126,SE2,CLIBOR,4,20,80,A,,,,,,,,,,,,,
126,SE2,DRYINT,7,145,1015,B,,,,,,,,,,,,,
126,SE2,ACEPEN,4,6,24,A,,,,,,,,,,,,,
126,SE2,LONCAN,19,15,285,A,,,,,,,,,,,,,
126,SE2,OXAMON,3,1,3,A,,,,,,,,,,,,,
126,SE2,ACESAC,24,2,48,A,,,,,,,,,,,,,
126,SE2,BETALL,4,1,4,A,,,,,,,,,,,,,
126,SE2,ABIBAL,-1,-1,20,A,,,,,,,,,,,,,
126,SW,DRYINT,3,150,450,A,,,,,,,,,,,,,
126,SW,HUPLUC,24,15,360,A,,,,,,,,,,,,,
126,SW,UNK004,8,4,32,A,,,,,,,,,,,,,
126,SW,ACESAC,10,1,10,A,,,,,,,,,,,,,
126,SW,ACEPEN,6,10,60,A,,,,,,,,,,,,,
126,SW,TRISPP,1,1,1,A,,,,,,,,,,,,,
126,NW,ACEPEN,6,10,60,A,,,,,,,,,,,,,
126,NW,ACESAC,48,1,48,A,,,,,,,,,,,,,
126,NW,FAGGRA2,84,40,3360,C,,,,,,,,,,,,,
126,NW,OXAMON,15,5,75,A,,,,,,,,,,,,,
126,NW,TIACOR,1,3,3,A,,,,,,,,,,,,,
126,NW,TSUCAN,-1,-1,15,A,,,,,,,,,,,,,
126,NW,DRYCAM,6,100,600,A,,,,,,,,,,,,,
126,NW,OCLACU,8,5,40,A,,,,,,,,,,,,,
126,NW,PRYOLA,1,3,3,A,,,,,,,,,,,,,
131,NE,TRIBOR,121,4,484,A,,,,,,,,,,,,,
131,NE,ACESAC,2,40,80,A,,,,,,,,,,,,,
131,NE,OXAMON,68,6,408,A,,,,,,,,,,,,,
131,NE,MIACAN,64,12,768,A,,,,,,,,,,,,,
131,NE,ARANUD,11,25,275,A,,,,,,,,,,,,,
131,NE,ACEPEN,2,7.5,15,A,,,,,,,,,,,,,
131,NE,DRYINT,9,140,1260,B,,,,,,,,,,,,,
131,NE,VIBLAT,4,140,560,A,,,,,,,,,,,,,
131,NE,CLIBOR,2,20,40,A,,,,,,,,,,,,,
131,NE,FAGGRA2,9,30,270,A,,,,,,,,,,,,,
131,NE,UNK004,3,1,3,A,,,,,,,,,,,,,
131,SE,IMPCAP,103,3,309,A,,,,,,,,,,,,,
131,SE,VIOBLA,36,4,144,A,,,,,,,,,,,,,
131,SE,UNK014,20,5,100,A,,,,,,,,,,,,,
131,SE,DRYCAM,55,125,6875,C,,,,,,,,,,,,,
131,SE,MIACAN,11,4,44,A,,,,,,,,,,,,,
131,SE,ACERUB,2,6,12,A,,,,,,,,,,,,,
131,SE,ATHANG,1,165,165,A,,,,,,,,,,,,,
131,SE,OXAMON,13,6,78,A,,,,,,,,,,,,,
131,SE,RUBIDA,7,3,21,A,,,,,,,,,,,,,
131,SE,DENPUN,3,70,210,A,,,,,,,,,,,,,
131,SE,VIBLAT,5,160,800,A,,,,,,,,,,,,,
131,SE,FAGGRA,8,40,320,A,,,,,,,,,,,,,
131,SE,UNK017,-1,-1,20,A,,,,,,,,,,,,,
131,SE,TSUCAN,-1,-1,100,A,,,,,,,,,,,,,
131,SE,BRAARI,5,8,40,A,,,,,,,,,,,,,
131,SE,SYMPUN,102,8,816,A,,,,,,,,,,,,,
131,SE,UNK016,-1,-1,1680,B,,,,,,,,,,,,,
131,SE,UNK015,-1,-1,280,A,,,,,,,,,,,,,
131,SW,VIBLAT,32,130,4160,C,,,,,,,,,,,,,
131,SW,DRYCAM,46,180,8280,D,,,,,,,,,,,,,
131,SW,SYMPUN,87,8,696,A,,,,,,,,,,,,,
131,SW,DENPUN,3,130,390,A,,,,,,,,,,,,,
131,SW,VIOBLA,3,5,15,A,,,,,,,,,,,,,
131,SW,OXAMON,7,6,42,A,,,,,,,,,,,,,
131,SW,MIACAN,4,10,40,A,,,,,,,,,,,,,
131,SW,TRIBOR,24,5,120,A,,,,,,,,,,,,,
131,SW,UNK014,6,13,78,A,,,,,,,,,,,,,
131,SW,CINLAT,-1,-1,170,A,,,,,,,,,,,,,
131,SW,UNK016,32,35,1120,A,,,,,,,,,,,,,
131,SW,ACERUB,6,2,12,A,,,,,,,,,,,,,
131,SW,BRAARI,4,15,60,A,,,,,,,,,,,,,
131,SW,UNK015,13,15,195,A,,,,,,,,,,,,,
131,NW2,DENPUN,9,100,900,A,,,,,,,,,,,,,
131,NW2,TRIBOR,23,7,161,A,,,,,,,,,,,,,
131,NW2,CLIBOR,8,17,136,A,,,,,,,,,,,,,
131,NW2,ACERUB,4,2,8,A,,,,,,,,,,,,,
131,NW2,OXAMON,22,6,132,A,,,,,,,,,,,,,
131,NW2,ACEPEN,2,5,10,A,,,,,,,,,,,,,
131,NW2,AMESPP,25,15,375,A,,,,,,,,,,,,,
131,NW2,ARANUD,15,20,300,A,,,,,,,,,,,,,
131,NW2,PARNOV,2,50,100,A,,,,,,,,,,,,,
131,NW2,MIACAN,1,15,15,A,,,,,,,,,,,,,
131,NW2,DRYCAM,31,140,4340,C,,,,,,,,,,,,,
131,NW,RUBIDE,95,10,950,A,,,,,,,,,,,,,
131,NW,VIBLAT,42,175,7350,C,,,,,,,,,,,,,
131,NW,TRIBOR,13,7,91,A,,,,,,,,,,,,,
131,NW,DENPUN,3,150,450,A,,,,,,,,,,,,,
131,NW,ACEPEN,2,6,12,A,,,,,,,,,,,,,
131,NW,OXAMON,22,2,44,A,,,,,,,,,,,,,
131,NW,DRYCAM,16,180,2880,C,,,,,,,,,,,,,
131,NW,VIOBLA,8,5,40,A,,,,,,,,,,,,,
131,NW,ACESAC,2,30,60,A,,,,,,,,,,,,,
131,NW,MIACAM,22,10,220,A,,,,,,,,,,,,,
131,NW,UNK017,3,100,300,A,,,,,,,,,,,,,
131,NW,ACERUB,6,3,18,A,,,,,,,,,,,,,
131,NW,ACESPI,2,5,10,A,,,,,,,,,,,,,
131,NW,UNK004,4,2,8,A,,,,,,,,,,,,,
131,NW,SYMPUN,11,7,77,A,,,,,,,,,,,,,
131,NW,IMPCAP,8,2,16,A,,,,,,,,,,,,,
131,NW,CARSPP,-1,-1,160,A,,,,,,,,,,,,,
192,NE,ACEPEN,10,150,1500,B,,,,,,,,,,,,,
192,NE,ACESPI,8,25,200,A,,,,,,,,,,,,,
192,NE,TRIBOR,16,5,80,A,,,,,,,,,,,,,
192,NE,ONOSEN,9,90,810,B,,,,,,,,,,,,,
192,NE,ACERUB,15,20,300,A,,,,,,,,,,,,,
192,NE,PRUSER,30,4,120,A,,,,,,,,,,,,,
192,NE,BRAARI,50,162,8100,C,,,,,,,,,,,,,
192,NE,ARITRI,18,8,144,A,,,,,,,,,,,,,
192,NE,FRAAME,7,25,175,A,,,,,,,,,,,,,
192,NE,TIACOR,82,15,1230,B,,,,,,,,,,,,,
192,NE,ACESAC,2,20,40,A,,,,,,,,,,,,,
192,NE,PREALT,6,7,42,A,,,,,,,,,,,,,
192,NE,RUBPEN,3,3,9,A,,,,,,,,,,,,,
192,SE,CLEVIR,17,12,204,A,,,,,,,,,,,,,
192,SE,DRYINT,7,140,980,B,,,,,,,,,,,,,
192,SE,BRAARI,3,40,120,B,,,,,,,,,,,,,
192,SE,TRIBOR,65,4,260,A,,,,,,,,,,,,,
192,SE,FRAAME,19,25,475,A,,,,,,,,,,,,,
192,SE,UVUSES,5,3,15,A,,,,,,,,,,,,,
192,SE,PRUVIR,4,5,20,A,,,,,,,,,,,,,
192,SE,ACERUB,39,8,312,A,,,,,,,,,,,,,
192,SE,ARITRI,6,8,48,A,,,,,,,,,,,,,
192,SW,FRAAME,22,17,374,A,,,,,,,,,,,,,
192,SW,TRIBOR,5,7,35,A,,,,,,,,,,,,,
192,SW,PREALT,14,10,140,A,,,,,,,,,,,,,
192,SW,ACESPI,6,5,30,A,,,,,,,,,,,,,
192,SW,ACEPEN,2,160,320,A,,,,,,,,,,,,,
192,SW,FAGGRA,36,35,1260,A,,,,,,,,,,,,,
192,SW,ARITRI,15,3,45,A,,,,,,,,,,,,,
192,SW,PRUSER,28,7,196,A,,,,,,,,,,,,,
192,SW,RIBSPP,2,15,30,A,,,,,,,,,,,,,
192,SW,DRYINT,7,150,1050,B,,,,,,,,,,,,,
192,SW,BRAARI,1,7,7,A,,,,,,,,,,,,,
192,SW,ACERUB,8,5,40,A,,,,,,,,,,,,,
192,SW,UNK018,7,20,140,A,,,,,,,,,,,,,
192,SW,PRUVIR,4,7,28,A,,,,,,,,,,,,,
192,SW,ANEQUI,3,1,3,A,,,,,,,,,,,,,
192,NW,ACESAC,4,20,80,A,,,,,,,,,,,,,
192,NW,FRAAME,14,15,210,A,,,,,,,,,,,,,
192,NW,TIACOR,139,18,2502,B,,,,,,,,,,,,,
192,NW,PARNOV,31,110,3410,B,,,,,,,,,,,,,
192,NW,BRAARI,22,40,880,A,,,,,,,,,,,,,
192,NW,PRUSER,12,5,60,A,,,,,,,,,,,,,
192,NW,UNK018,53,20,1060,A,,,,,,,,,,,,,
192,NW,ACERUB,8,3,24,A,,,,,,,,,,,,,
192,NW,PREALT,5,7.5,37.5,A,,,,,,,,,,,,,
192,NW,TRIBOR,8,4,32,A,,,,,,,,,,,,,
192,NW,MIACAN,1,7,7,A,,,,,,,,,,,,,
192,NW2,ACEPEN2,44,175,7700,C,,,,,,,,,,,,,
192,NW2,DRYINT,14,130,1820,B,,,,,,,,,,,,,
192,NW2,ARITRI,24,15,360,A,,,,,,,,,,,,,
192,NW2,TIACOR,2,10,20,A,,,,,,,,,,,,,
192,NW2,PREALT,8,6,48,A,,,,,,,,,,,,,
192,NW2,ACERUB,2,3,6,A,,,,,,,,,,,,,
192,NW2,PRUSER,4,2,8,A,,,,,,,,,,,,,
192,NW2,TRIBOR,10,3,30,A,,,,,,,,,,,,,
192,NW2,ERIAME,1,7,7,A,,,,,,,,,,,,,
6,NE,FAGGRA,91,40,3640,C,,,,,,,,,,,,,
6,NE,OXAMON,9,6,54,A,,,,,,,,,,,,,
6,NE,DRYINT,11,30,330,A,,,,,,,,,,,,,
6,SE2,TIACOR,18,15,270,A,,,,,,,,,,,,,
6,SE2,ACEPEN,4,20,80,A,,,,,,,,,,,,,
6,SE2,FAGGRA2,70,25,1750,A,,,,,,,,,,,,,
6,SE2,ACESAC,2,15,30,A,,,,,,,,,,,,,
6,SE2,FRAAME,8,5,40,A,,,,,,,,,,,,,
6,SE2,UVUSES,23,5,115,A,,,,,,,,,,,,,
6,SE2,VIOBLA,7,5,35,A,,,,,,,,,,,,,
6,SE2,VIBLAT,1,150,150,A,,,,,,,,,,,,,
6,SE,UVUSES,226,7,1582,B,,,,,,,,,,,,,
6,SE,DRYINT,4,130,520,B,,,,,,,,,,,,,
6,SE,FRAAME,2,8,16,A,,,,,,,,,,,,,
6,SW,DRYINT,11,180,1980,B,,,,,,,,,,,,,
6,SW,OXAMON,12,4,48,A,,,,,,,,,,,,,
6,SW,TIACOR,2,5,10,A,,,,,,,,,,,,,
6,SW,ACESAC,4,7,28,A,,,,,,,,,,,,,
6,SW,FRAAME,6,7,42,A,,,,,,,,,,,,,
6,SW,ACEPEN,2,5,10,A,,,,,,,,,,,,,
6,NW,OXAMON,73,7,511,B,,,,,,,,,,,,,
6,NW,PARNOV,33,90,2970,B,,,,,,,,,,,,,
6,NW,DRYCAM,4,75,300,A,,,,,,,,,,,,,
6,NW,BETALL,22,15,330,A,,,,,,,,,,,,,
6,NW,UVUSES,116,8,928,A,,,,,,,,,,,,,
6,NW,FRAAME,2,1.5,3,A,,,,,,,,,,,,,
6,NW,ACESAC,2,1,2,A,,,,,,,,,,,,,
61,NE,HUPLUC,96,10,960,A,,,,,,,,,,,,,
61,NE,FAGGRA,8,15,120,A,,,,,,,,,,,,,
61,NE,PRUSER,10,8,80,A,,,,,,,,,,,,,
61,NE,ACESAC,26,3,78,A,,,,,,,,,,,,,
61,NE,VIBLAT,65,90,5850,C,,,,,,,,,,,,,
61,NE,TRISPP,3,15,45,A,,,,,,,,,,,,,
61,SE,ACESAC,54,2,108,A,,,,,,,,,,,,,
61,SE,PRUSER,11,5,55,A,,,,,,,,,,,,,
61,SE,ACEPEN,2,4,8,A,,,,,,,,,,,,,
61,SE,HUPLUC,2,8,16,A,,,,,,,,,,,,,
61,SE,FAGGRA,2,10,20,A,,,,,,,,,,,,,
61,SW2,DRYINT,3,170,510,B,,,,,,,,,,,,,
61,SW2,VIBLAT,48,100,4800,C,,,,,,,,,,,,,
61,SW2,ACESAC,24,3,72,A,,,,,,,,,,,,,
61,SW2,PRUSER,10,4,40,A,,,,,,,,,,,,,
61,SW,VIBLAT,50,100,5000,B,,,,,,,,,,,,,
61,SW,HUPLUC,69,15,1035,B,,,,,,,,,,,,,
61,SW,ACESAC,16,2,32,A,,,,,,,,,,,,,
61,SW,PRUSER,16,3,48,A,,,,,,,,,,,,,
61,NW,FAGGRA,10,25,250,A,,,,,,,,,,,,,
61,NW,VIBLAT,41,100,4100,C,,,,,,,,,,,,,
61,NW,TRISPP,20,30,600,B,,,,,,,,,,,,,
61,NW,MIACAN,14,7,98,A,,,,,,,,,,,,,
61,NW,PRUSER,8,3,24,A,,,,,,,,,,,,,
61,NW,ACESAC,32,3,96,A,,,,,,,,,,,,,
61,NW,HUPLUC,158,15,2370,B,,,,,,,,,,,,,
66,NE,VIBLAT,91,100,9100,C,,,,,,,,,,,,,
66,NE,ACESAC,38,2,76,A,,,,,,,,,,,,,
66,NE,FAGGRA,45,25,1125,B,,,,,,,,,,,,,
66,SE,PICRUB,-1,-1,450,A,,,,,,,,,,,,,
66,SE,FAGGRA,96,30,2880,B,,,,,,,,,,,,,
66,SE,ACESAC,80,2.5,200,A,,,,,,,,,,,,,
66,SE,VIBLAT,40,100,4000,B,,,,,,,,,,,,,
66,SE,CYPACA,2,70,140,A,,,,,,,,,,,,,
66,SW2,FAGGRA,85,35,2975,B,,,,,,,,,,,,,
66,SW2,DRYINT,1,165,165,A,,,,,,,,,,,,,
66,SW2,MIARAC,6,20,120,A,,,,,,,,,,,,,
66,SW2,FAGGRA2,44,30,1320,B,,,,,,,,,,,,,
66,SW2,VIBLAT,8,90,720,B,,,,,,,,,,,,,
66,SW2,ACESAC,50,2.5,125,A,,,,,,,,,,,,,
66,SW2,DENOBS,7,40,280,A,,,,,,,,,,,,,
66,SW,DRYINT,5,200,1000,B,,,,,,,,,,,,,
66,SW,FAGGRA,3,15,45,A,,,,,,,,,,,,,
66,SW,PICRUB,-1,-1,2860,C,,,,,,,,,,,,,
66,SW,MEDVIR,51,5,255,A,,,,,,,,,,,,,
66,SW,UVUSES,18,4,72,A,,,,,,,,,,,,,
66,SW,ACESAC,14,2,28,A,,,,,,,,,,,,,
66,SW,BETALL,2,2,4,A,,,,,,,,,,,,,
66,SW,HUPLUC,35,7,245,A,,,,,,,,,,,,,
66,SW,OXAMON,3,6,18,A,,,,,,,,,,,,,
66,SW,VIBLAT,35,80,2800,B,,,,,,,,,,,,,
66,SW,TRISPP,1,25,25,A,,,,,,,,,,,,,
66,SW,DENOBS,3,20,60,A,,,,,,,,,,,,,
66,NW,VIBLAT,194,130,25220,E,,,,,,,,,,,,,
66,NW,DRYINT,1,165,165,A,,,,,,,,,,,,,
66,NW,HUPLUC,52,10,520,A,,,,,,,,,,,,,
66,NW,ACESAC,56,1,56,A,,,,,,,,,,,,,
66,NW,MEDVIR,5,4,20,A,,,,,,,,,,,,,
66,NW,TRISPP,3,25,75,A,,,,,,,,,,,,,
60,NE,DRYINT,6,165,990,B,,,,,,,,,,,,,
60,NE,VIBLAN,66,110,7260,C,,,,,,,,,,,,,
60,NE,BETALL,4,0.5,2,A,,,,,,,,,,,,,
60,NE,ACESAC,10,1,10,A,,,,,,,,,,,,,
60,NE,OXAMON,2,0.5,1,A,,,,,,,,,,,,,
60,NE,PICRUB,-1,-1,1080,B,,,,,,,,,,,,,
60,SE,ACERUB,18,2.5,45,A,,,,,,,,,,,,,
60,SE,MITREP,12,2,24,A,,,,,,,,,,,,,
60,SE,PICRUB,-1,-1,1120,A,,,,,,,,,,,,,
60,SE,FAGGRA,115,35,4025,B,,,,,,,,,,,,,
60,SE,ACEPEN,4,5,20,A,,,,,,,,,,,,,
60,SE,MEDVIR,1,10,10,A,,,,,,,,,,,,,
60,SW,VIBLAN,36,100,3600,C,,,,,,,,,,,,,
60,SW,ACERUB,16,2,32,A,,,,,,,,,,,,,
60,SW,ACEPEN,20,90,1800,B,,,,,,,,,,,,,
60,SW,MITREP,306,1,306,A,,,,,,,,,,,,,
60,SW,UVUSES,51,3,153,A,,,,,,,,,,,,,
60,SW,FAGGRA,234,30,7020,E,,,,,,,,,,,,,
60,SW,CLIBOR,5,15,75,A,,,,,,,,,,,,,
60,SW,OXAMON,3,4,12,A,,,,,,,,,,,,,
60,SW,DRYCAM,4,50,200,A,,,,,,,,,,,,,
60,SW,PICRUB,-1,-1,100,A,,,,,,,,,,,,,
60,NW2,FAGGRA,108,30,3240,B,,,,,,,,,,,,,
60,NW2,MITREP,141,1,141,A,,,,,,,,,,,,,
60,NW2,ACEPEN,4,180,720,A,,,,,,,,,,,,,
60,NW2,BETALL,2,0.5,1,A,,,,,,,,,,,,,
60,NW2,DRYINT,6,130,780,A,,,,,,,,,,,,,
60,NW2,ACERUB,14,1.5,21,A,,,,,,,,,,,,,
60,NW2,VIBLAN,32,100,3200,B,,,,,,,,,,,,,
60,NW,ACEPEN,2,2,4,A,,,,,,,,,,,,,
60,NW,ACERUB,8,1,8,A,,,,,,,,,,,,,
60,NW,MITREP,6,1,6,A,,,,,,,,,,,,,
60,NW,PICRUB2,-1,-1,2160,E,,,,,,,,,,,,,
60,NW,VIBLAN,48,100,4800,B,,,,,,,,,,,,,
58,NE,VIBLAN,15,70,1050,B,,,,,,,,,,,,,
58,NE,CLIBOR,4,9,36,B,,,,,,,,,,,,,
58,NE,ACERUB,24,2,48,A,,,,,,,,,,,,,
58,NE,ACEPEN,2,5,10,A,,,,,,,,,,,,,
58,NE,HUPLUC,5,10,50,A,,,,,,,,,,,,,
58,NE,FAGGRA2,30,35,1050,B,,,,,,,,,,,,,
58,NE,DRYINT,4,60,240,A,,,,,,,,,,,,,
58,SE,HUPLUC,95,15,1425,A,,,,,,,,,,,,,
58,SE,DRYINT,8,170,1360,B,,,,,,,,,,,,,
58,SE,PRUSER,23,3,69,A,,,,,,,,,,,,,
58,SE,FAGGRA2,15,30,450,A,,,,,,,,,,,,,
58,SE,ACEPEN,2,3,6,A,,,,,,,,,,,,,
58,SE,ACESAC,42,2,84,A,,,,,,,,,,,,,
58,SE,BETALL,4,1,4,A,,,,,,,,,,,,,
58,SW2,VIBLAT,52,90,4680,B,,,,,,,,,,,,,
58,SW2,STRAMP,17,10,170,A,,,,,,,,,,,,,
58,SW2,CLIBOR,7,15,105,A,,,,,,,,,,,,,
58,SW2,HUPLUC,9,10,90,A,,,,,,,,,,,,,
58,SW2,ACEPEN,2,4,8,A,,,,,,,,,,,,,
58,SW2,TRIBOR,10,3,30,A,,,,,,,,,,,,,
58,SW2,ACESAC,24,2,48,A,,,,,,,,,,,,,
58,SW2,FAGGRA2,154,30,4620,B,,,,,,,,,,,,,
58,SW,FAGGRA2,35,35,1225,B,,,,,,,,,,,,,
58,SW,VIBLAT,85,100,8500,B,,,,,,,,,,,,,
58,SW,PRUSER,6,3,18,A,,,,,,,,,,,,,
58,SW,ACESAC,22,2,44,A,,,,,,,,,,,,,
58,SW,CLIBOR,1,25,25,A,,,,,,,,,,,,,
58,SW,ACEPEN,2,4,8,A,,,,,,,,,,,,,
58,NW,TRIUND,3,80,240,A,,,,,,,,,,,,,
58,NW,CLIBOR,4,70,280,A,,,,,,,,,,,,,
58,NW,DRYINT,1,140,140,A,,,,,,,,,,,,,
58,NW,FAGGRA,4,25,100,A,,,,,,,,,,,,,
58,NW,ACESAC,70,3,210,A,,,,,,,,,,,,,
58,NW,TSUGA,1,1,1,A,,,,,,,,,,,,,
2,NE,PARNOV,34,110,3740,B,,,,,,,,,,,,,
2,NE,ARANUD,10,18,180,A,,,,,,,,,,,,,
2,NE,PICRUB,-1,-1,800,B,,,,,,,,,,,,,
2,NE,TSUCAN,-1,-1,50,A,,,,,,,,,,,,,
2,NE,MIACAN,2,5,10,A,,,,,,,,,,,,,
2,NE,CLIBOR,3,40,120,A,,,,,,,,,,,,,
2,NE,VIBLAT,4,90,360,A,,,,,,,,,,,,,
2,NE,ACEPEN,1,30,30,A,,,,,,,,,,,,,
2,NE,HUPLUC,6,5,30,A,,,,,,,,,,,,,
2,SE,PARNOV,82,110,9020,B,,,,,,,,,,,,,
2,SE,ARANUD,67,30,2010,B,,,,,,,,,,,,,
2,SE,IMPCAP,6,1,6,A,,,,,,,,,,,,,
2,SE,CLIBOR,3,15,45,A,,,,,,,,,,,,,
2,SE,TSUCAN,3,1,3,A,,,,,,,,,,,,,
2,SE,BETALL,43,1,43,A,,,,,,,,,,,,,
2,SE,ACEPEN,12,160,1920,B,,,,,,,,,,,,,
2,SE,STRLAN,11,10,110,A,,,,,,,,,,,,,
2,SE2,VIBLAN,6,210,1260,B,,,,,,,,,,,,,
2,SE2,FAGGRA,15,15,225,A,,,,,,,,,,,,,
2,SE2,ACEPEN,4,257,1028,B,,,,,,,,,,,,,
2,SE2,PARNOV,32,90,2880,B,,,,,,,,,,,,,
2,SE2,TRIBOR,30,3,90,A,,,,,,,,,,,,,
2,SE2,ACERUB,18,3,54,A,,,,,,,,,,,,,
2,SE2,MIACAN,8,5,40,A,,,,,,,,,,,,,
2,SE2,OXAMON,15,4,60,A,,,,,,,,,,,,,
2,SE2,STRLAN,22,10,220,A,,,,,,,,,,,,,
2,SE2,ARANUD,15,40,600,A,,,,,,,,,,,,,
2,SE2,FRAAME,4,5,20,A,,,,,,,,,,,,,
2,SE2,CLIBOR,2,15,30,A,,,,,,,,,,,,,
2,SE2,UNK019,1,12,12,A,,,,,,,,,,,,,
2,SW,PARNOV,12,70,840,B,,,,,,,,,,,,,
2,SW,VIBLAT,8,90,720,A,,,,,,,,,,,,,
2,SW,ACEPEN,4,5,20,A,,,,,,,,,,,,,
2,SW,ACERUB,4,2,8,A,,,,,,,,,,,,,
2,SW,UVUSES,12,5,60,A,,,,,,,,,,,,,
2,SW,MICAN,1,5,5,A,,,,,,,,,,,,,
2,SW,FAGGRA,13,15,195,A,,,,,,,,,,,,,
2,SW,PICRUB,-1,-1,15,A,,,,,,,,,,,,,
2,NW,PICRUB,-1,-1,1600,B,,,,,,,,,,,,,
2,NW,CORCOR,33,20,660,A,,,,,,,,,,,,,
2,NW,VIBLAT,50,90,4500,C,,,,,,,,,,,,,
2,NW,PARNOV,17,130,2210,B,,,,,,,,,,,,,
2,NW,UVUSES,108,8,864,A,,,,,,,,,,,,,
2,NW,CLIBOR,1,25,25,A,,,,,,,,,,,,,
2,NW,MIACAN,3,5,15,A,,,,,,,,,,,,,
2,NW,ARITRI,3,3,9,A,,,,,,,,,,,,,
2,NW,DRYCAM,6,40,240,A,,,,,,,,,,,,,
2,NW,HUPLUC,14,15,210,A,,,,,,,,,,,,,
2,NW,TRIBOR,9,3,27,A,,,,,,,,,,,,,
2,NW,PICRUB2,-1,-1,20,A,,,,,,,,,,,,,
2,NW,STRLAN,3,7,21,A,,,,,,,,,,,,,
2,NW,ARANUD,9,20,180,A,,,,,,,,,,,,,
113,NE,DRYINT,27,200,5400,B,,,,,,,,,,,,,
113,NE,FAGGRA,12,20,240,A,,,,,,,,,,,,,
113,NE,HUPLUC,384,15,5760,B,,,,,,,,,,,,,
113,NE,ACESAC,4,2,8,A,,,,,,,,,,,,,
113,NE,PRUSER,4,3,12,A,,,,,,,,,,,,,
113,NE2,VIBLAN,33,110,3630,B,,,,,,,,,,,,,
113,NE2,MEDVIR,16,15,240,A,,,,,,,,,,,,,
113,NE2,HUPLUC,485,15,7275,C,,,,,,,,,,,,,
113,NE2,FAGGRA,158,25,3950,B,,,,,,,,,,,,,
113,NE2,TRISPP,3,120,360,A,,,,,,,,,,,,,
113,NE2,PRUSER,9,3,27,A,,,,,,,,,,,,,
113,SE,FAGGRA,120,35,4200,B,,,,,,,,,,,,,
113,SE,TRISPP,3,60,180,A,,,,,,,,,,,,,
113,SE,PRUSER,21,4,84,A,,,,,,,,,,,,,
113,SE,DRYINT,1,165,165,A,,,,,,,,,,,,,
113,SE,ACEPEN,2,6,12,A,,,,,,,,,,,,,
113,SE,PICRUB,1,10,10,A,,,,,,,,,,,,,
113,SE,ACESAC,4,2,8,A,,,,,,,,,,,,,
113,SW,MEDVIR,23,4,92,A,,,,,,,,,,,,,
113,SW,PRUSER,58,4,232,A,,,,,,,,,,,,,
113,SW,FAGGRA,332,35,11620,C,,,,,,,,,,,,,
113,SW,TRISPP,5,25,125,A,,,,,,,,,,,,,
113,SW,UNK020,9,15,135,A,,,,,,,,,,,,,
113,SW,ACERUB,1,20,20,A,,,,,,,,,,,,,
113,NW,MEDVIR,64,7,448,A,,,,,,,,,,,,,
113,NW,FAGGRA,180,35,6300,C,,,,,,,,,,,,,
113,NW,DENPUN,2,50,100,A,,,,,,,,,,,,,
113,NW,ABIBAL,-1,-1,40,A,,,,,,,,,,,,,
113,NW,PRUVIR,24,5,120,A,,,,,,,,,,,,,
113,NW,ACERUB,10,20,200,A,,,,,,,,,,,,,
113,NW,ACEPEN,2,10,20,A,,,,,,,,,,,,,
113,NW,HUPLUC,24,10,240,A,,,,,,,,,,,,,
113,NW,VIOBLA,2,4,8,A,,,,,,,,,,,,,
113,NW,BETALL,6,5,30,A,,,,,,,,,,,,,
122,NE,ACEPEN,16,10,160,A,,,,,,,,,,,,,
122,NE,ACESAC,4,20,80,A,,,,,,,,,,,,,
122,NE,ACERUB,4,8,32,A,,,,,,,,,,,,,
122,NE,POPTRE,20,26,520,A,,,,,,,,,,,,,
122,NE,DRYCAM,1,200,200,A,,,,,,,,,,,,,
122,NE2,ACEPEN,12,7,84,A,,,,,,,,,,,,,
122,NE2,ACESAC,4,15,60,A,,,,,,,,,,,,,
122,NE2,TRIBOR,2,8,16,A,,,,,,,,,,,,,
122,NE2,ACERUB,1,5,5,A,,,,,,,,,,,,,
122,NE2,DRYCAM,2,20,40,A,,,,,,,,,,,,,
122,NE2,FRAAME,1,3,3,A,,,,,,,,,,,,,
122,NE2,FAGGRA2,73,35,2555,B,,,,,,,,,,,,,
122,SE,MIACAN,7,8,56,A,,,,,,,,,,,,,
122,SE,ACEPEN,12,8,96,A,,,,,,,,,,,,,
122,SE,ACESAC,2,5,10,A,,,,,,,,,,,,,
122,SE,POPTRE,13,8,104,A,,,,,,,,,,,,,
122,SW,FRAAME,14,8,112,A,,,,,,,,,,,,,
122,SW,ACESAC,22,5,110,A,,,,,,,,,,,,,
122,SW,ACEPEN,10,6,60,A,,,,,,,,,,,,,
122,SW,ACERUB,10,8,80,A,,,,,,,,,,,,,
122,SW,DENOBS,3,40,120,A,,,,,,,,,,,,,
122,SW,SPIANN,4,40,160,A,,,,,,,,,,,,,
122,SW,VIOBLA,3,7,21,A,,,,,,,,,,,,,
122,NW,ACESAC,6,15,90,A,,,,,,,,,,,,,
122,NW,ACEPEN,12,8,96,A,,,,,,,,,,,,,
122,NW,FRAAME,2,4,8,A,,,,,,,,,,,,,
57,NE,CARINT,-1,-1,20,A,,,,,,,,,,,,,
57,NE,RUBALL,36,7,252,A,,,,,,,,,,,,,
57,NE,RUBIDE,164,10,1640,A,,,,,,,,,,,,,
57,NE,UNK014,28,10,280,A,,,,,,,,,,,,,
57,NE,PRUSER,2,15,30,A,,,,,,,,,,,,,
57,NE,MIACAN,35,10,350,A,,,,,,,,,,,,,
57,NE,CLIBOR,5,15,75,A,,,,,,,,,,,,,
57,NE,ARANUD,18,20,360,A,,,,,,,,,,,,,
57,NE,VIBLAN,9,90,810,A,,,,,,,,,,,,,
57,NE,TRIBOR,19,6,114,A,,,,,,,,,,,,,
57,NE,ACERUB,35,25,875,A,,,,,,,,,,,,,
57,NE,FRAAME,3,15,45,A,,,,,,,,,,,,,
57,NE,SOLRUG,18,3,54,A,,,,,,,,,,,,,
57,NE,ABIBAL,1,1,1,A,,,,,,,,,,,,,
57,SE,TRIUND,1,3,3,A,,,,,,,,,,,,,
57,SE,UVUSES,18,3,54,A,,,,,,,,,,,,,
57,SE,MIACAN,17,5,85,A,,,,,,,,,,,,,
57,SE,MEDVIR,8,3,24,A,,,,,,,,,,,,,
57,SE,PICRUB,-1,-1,2080,E,,,,,,,,,,,,,
57,SE,ACERUB,3,0.5,1.5,A,,,,,,,,,,,,,
57,SE,ARANUD,8,4,32,A,,,,,,,,,,,,,
57,SE,DENPUN,2,20,40,A,,,,,,,,,,,,,
57,SE,PRUSER,2,2,4,A,,,,,,,,,,,,,
57,SW,MIACAN,40,5,200,A,,,,,,,,,,,,,
57,SW,ACERUB,4,1,4,A,,,,,,,,,,,,,
57,SW,TRIUND,9,15,135,A,,,,,,,,,,,,,
57,SW,FAGGRA,8,7,56,A,,,,,,,,,,,,,
57,SW,DRYINT,6,35,210,A,,,,,,,,,,,,,
57,SW,ABIBAL,-1,-1,1,A,,,,,,,,,,,,,
57,NW,ACESAC,4,1,4,A,,,,,,,,,,,,,
57,NW,MIACAN,3,3,9,A,,,,,,,,,,,,,
57,NW,DRYINT,8,35,280,A,,,,,,,,,,,,,
57,NW,FAGGRA,10,15,150,A,,,,,,,,,,,,,
57,NW,ACEPEN,2,3,6,A,,,,,,,,,,,,,
57,NW,AGRPER,1,3,3,A,,,,,,,,,,,,,
57,NW2,FAGGRA,22,20,440,A,,,,,,,,,,,,,
57,NW2,TSUCAN,-1,-1,1,A,,,,,,,,,,,,,
57,NW2,ACESAC,2,1,2,A,,,,,,,,,,,,,
57,NW2,FAGGRA2,78,20,1560,B,,,,,,,,,,,,,
26,NE,TRIBOR,21,4,84,A,,,,,,,,,,,,,
26,NE,ACESAC,18,2,36,A,,,,,,,,,,,,,
26,NE,DRYCAM,1,170,170,A,,,,,,,,,,,,,
26,NE,PRUSER,12,4,48,A,,,,,,,,,,,,,
26,NE,DIPDIG,3,20,60,A,,,,,,,,,,,,,
26,NE,DENDEN,1,5,5,A,,,,,,,,,,,,,
26,SE,PRUSER,19,3,57,A,,,,,,,,,,,,,
26,SE,UVUSES,22,4,88,A,,,,,,,,,,,,,
26,SE,ACERUB,18,1,18,A,,,,,,,,,,,,,
26,SE,MIACAN,3,5,15,A,,,,,,,,,,,,,
26,SE,DIPDIG,2,25,50,A,,,,,,,,,,,,,
26,SE,UNK019,4,10,40,A,,,,,,,,,,,,,
26,SE,TRIBOR,5,6,30,A,,,,,,,,,,,,,
26,SE,DENDEN,5,30,150,A,,,,,,,,,,,,,
26,SW,PRUSER,42,3,126,A,,,,,,,,,,,,,
26,SW,VIBLAT,12,110,1320,B,,,,,,,,,,,,,
26,SW,DRYINT,3,170,510,A,,,,,,,,,,,,,
26,SW,UVUSES,9,4,36,A,,,,,,,,,,,,,
26,SW,MIACAN,3,4,12,A,,,,,,,,,,,,,
26,SW,ACESAC,10,2,20,A,,,,,,,,,,,,,
26,NW,DENPUN,14,60,840,A,,,,,,,,,,,,,
26,NW,PRUSER,12,3,36,A,,,,,,,,,,,,,
26,NW,ACESAC,14,2,28,A,,,,,,,,,,,,,
26,NW,MIACAN,1,15,15,A,,,,,,,,,,,,,
26,NW,DENDEN,4,45,180,A,,,,,,,,,,,,,
26,NW,TRIBOR,10,3,30,A,,,,,,,,,,,,,
26,NW,FRAAME,5,10,50,A,,,,,,,,,,,,,
26,NW2,MIACAN,1,8,8,A,,,,,,,,,,,,,
26,NW2,PRUSER,111,3,333,A,,,,,,,,,,,,,
26,NW2,DENPUN,6,60,360,A,,,,,,,,,,,,,
26,NW2,DRYINT,2,20,40,A,,,,,,,,,,,,,
26,NW2,TRIBOR,10,3,30,A,,,,,,,,,,,,,
26,NW2,ACEPEN,2,3,6,A,,,,,,,,,,,,,
26,NW2,UVUSES,6,5,30,A,,,,,,,,,,,,,
26,NW2,STRAMP,2,4,8,A,,,,,,,,,,,,,
26,NW2,DENDEN,4,25,100,A,,,,,,,,,,,,,
29,NE,DRYINT,8,60,480,B,,,,,,,,,,,,,
29,NE,MEDVIR,50,10,500,A,,,,,,,,,,,,,
29,NE,HUPLUC,30,15,450,A,,,,,,,,,,,,,
29,NE,OXAMON,14,7,98,A,,,,,,,,,,,,,
29,NE,UVUSES,60,5,300,A,,,,,,,,,,,,,
29,NE,FAGGRA,10,20,200,A,,,,,,,,,,,,,
29,NE,ACESAC,10,2,20,A,,,,,,,,,,,,,
29,NE,ACEPEN,4,4,16,A,,,,,,,,,,,,,
29,SE,VIBLAN,20,110,2200,B,,,,,,,,,,,,,
29,SE,DRYINT,12,100,1200,B,,,,,,,,,,,,,
29,SE,MEDVIR,29,3,87,A,,,,,,,,,,,,,
29,SE,HUPLUC,17,10,170,A,,,,,,,,,,,,,
29,SE,ACEPEN,2,5,10,A,,,,,,,,,,,,,
29,SE,ACESAC,10,2,20,A,,,,,,,,,,,,,
29,SE,VIOBLA,2,4,8,A,,,,,,,,,,,,,
29,SE,BETALL,4,5,20,A,,,,,,,,,,,,,
29,SE,TRISPP,2,8,16,A,,,,,,,,,,,,,
29,SE,MIACAN,1,3,3,A,,,,,,,,,,,,,
29,SE,FAGGRA2,19,25,475,A,,,,,,,,,,,,,
29,SW,VIBLAN,9,90,810,A,,,,,,,,,,,,,
29,SW,ACESAC,31,2,62,A,,,,,,,,,,,,,
29,SW,DRYINT,9,160,1440,B,,,,,,,,,,,,,
29,SW,TRISPP,6,4,24,A,,,,,,,,,,,,,
29,SW,UVUSES,8,4,32,A,,,,,,,,,,,,,
29,SW,ACEPEN,2,4,8,A,,,,,,,,,,,,,
29,SW,FAGGRA2,158,20,3160,B,,,,,,,,,,,,,
29,SW2,ACEPEN,4,120,480,A,,,,,,,,,,,,,
29,SW2,VIBLAN,4,100,400,A,,,,,,,,,,,,,
29,SW2,DRYINT,3,100,300,A,,,,,,,,,,,,,
29,SW2,FRAAME,2,0.5,1,A,,,,,,,,,,,,,
29,SW2,ACESAC,62,2,124,A,,,,,,,,,,,,,
29,NW,ACESAC,54,3,162,A,,,,,,,,,,,,,
29,NW,VIBLAN,2,80,160,A,,,,,,,,,,,,,
29,NW,PRUSER,3,2,6,A,,,,,,,,,,,,,
29,NW,DRYINT,2,50,100,A,,,,,,,,,,,,,
29,NW,FAGGRA,3,10,30,A,,,,,,,,,,,,,
29,NW,FRAAME,2,1,2,A,,,,,,,,,,,,,
29,NW,BETALL,2,0.5,1,A,,,,,,,,,,,,,
50,NE,ACEPEN,35,130,4550,B,,,,,,,,,,,,,
50,NE,POLACR,1,80,80,A,,,,,,,,,,,,,
50,NE,ARITRI,6,4,24,A,,,,,,,,,,,,,
50,NE,TRIBOR,24,3,72,A,,,,,,,,,,,,,
50,NE,ACESPI,2,2,4,A,,,,,,,,,,,,,
50,NE,UNK021,3,15,45,A,,,,,,,,,,,,,
50,NE,BETALL,2,1.5,3,A,,,,,,,,,,,,,
50,NE,FRAAME,8,12,96,A,,,,,,,,,,,,,
50,NE,DRYINT,6,130,780,B,,,,,,,,,,,,,
50,SE,POLACR,38,150,5700,C,,,,,,,,,,,,,
50,SE,ACESPI,6,5,30,A,,,,,,,,,,,,,
50,SE,ACEPEN,5,4,20,A,,,,,,,,,,,,,
50,SE,ARITRI,15,3,45,A,,,,,,,,,,,,,
50,SE,CARARC,1,5,5,A,,,,,,,,,,,,,
50,SE,UNK022,20,15,300,A,,,,,,,,,,,,,
50,SE,TSUCAN,-1,-1,90,A,,,,,,,,,,,,,
50,SE,FRAAME,6,15,90,A,,,,,,,,,,,,,
50,SE,ACESAC,2,2,4,A,,,,,,,,,,,,,
50,SE,ACTSPP,3,3,9,A,,,,,,,,,,,,,
50,SW,ATHANG,31,135,4185,C,,,,,,,,,,,,,
50,SW,FRAAME,10,3,30,A,,,,,,,,,,,,,
50,SW,TIACOR,2,20,40,A,,,,,,,,,,,,,
50,SW,OXAMON,5,2,10,A,,,,,,,,,,,,,
50,SW,ACESPI,2,3,6,A,,,,,,,,,,,,,
50,SW,ACEPEN,4,2,8,A,,,,,,,,,,,,,
50,SW,PRUSER,10,4,40,A,,,,,,,,,,,,,
50,SW,UNK023,3,30,90,A,,,,,,,,,,,,,
50,SW,ARITRI,1,40,40,A,,,,,,,,,,,,,
50,NW2,DRYINT,10,140,1400,B,,,,,,,,,,,,,
50,NW2,FRAAME,21,30,630,A,,,,,,,,,,,,,
50,NW2,UNK021,20,6,120,A,,,,,,,,,,,,,
50,NW2,TRIBOR,9,3,27,A,,,,,,,,,,,,,
50,NW2,OXAMON,9,4,36,A,,,,,,,,,,,,,
50,NW2,ACESPI,4,5,20,A,,,,,,,,,,,,,
50,NW2,ACEPEN,6,115,690,A,,,,,,,,,,,,,
50,NW2,BETALL,2,0.5,1,A,,,,,,,,,,,,,
50,NW2,ATHANG,2,260,520,A,,,,,,,,,,,,,
50,NW2,PHECON,1,30,30,A,,,,,,,,,,,,,
50,NW,ATHANG,17,115,1955,B,,,,,,,,,,,,,
50,NW,OSMCLT,11,600,6600,D,,,,,,,,,,,,,
50,NW,ACESPI,4,3,12,A,,,,,,,,,,,,,
50,NW,TRIBOR,45,8,360,A,,,,,,,,,,,,,
50,NW,ACEPEN,2,8,16,A,,,,,,,,,,,,,
50,NW,FRAAME,18,12,216,A,,,,,,,,,,,,,
46,NE,ACEPEN,4,7,28,A,,,,,,,,,,,,,
46,NE,ACESAC,18,2,36,A,,,,,,,,,,,,,
46,NE,VIBLAN,9,90,810,A,,,,,,,,,,,,,
46,NE,DRYINT,2,100,200,A,,,,,,,,,,,,,
46,NE,CLIBOR,3,20,60,A,,,,,,,,,,,,,
46,NE,MIACAN,1,4,4,A,,,,,,,,,,,,,
46,NE,BETALL,1,0.5,0.5,A,,,,,,,,,,,,,
46,NE,OXAMON,5,3,15,A,,,,,,,,,,,,,
46,NE,UVUSES,2,2,4,A,,,,,,,,,,,,,
46,NE2,MIARAC,5,8,40,A,,,,,,,,,,,,,
46,NE2,TRISPP,3,50,150,A,,,,,,,,,,,,,
46,NE2,MIACAN,18,7,126,A,,,,,,,,,,,,,
46,NE2,ARANUD,21,12,252,A,,,,,,,,,,,,,
46,NE2,TRIBOR,18,4,72,A,,,,,,,,,,,,,
46,NE2,ACEPEN,4,3,12,A,,,,,,,,,,,,,
46,NE2,ACESAC,24,2,48,A,,,,,,,,,,,,,
46,NE2,CLIBOR,1,30,30,A,,,,,,,,,,,,,
46,NE2,FAGGRA2,9,35,315,A,,,,,,,,,,,,,
46,SE,ACEPEN,4,15,60,A,,,,,,,,,,,,,
46,SE,MIACAN,21,5,105,A,,,,,,,,,,,,,
46,SE,TRIBOR,19,7,133,A,,,,,,,,,,,,,
46,SE,CLIBOR,1,17,17,A,,,,,,,,,,,,,
46,SE,DRYINT,6,60,360,A,,,,,,,,,,,,,
46,SE,FRAAME,2,3,6,A,,,,,,,,,,,,,
46,SE,ACESAC,6,2,12,A,,,,,,,,,,,,,
46,SE,TRISPP,1,7,7,A,,,,,,,,,,,,,
46,SW,ACESPI,2,4,8,A,,,,,,,,,,,,,
46,SW,DRYINT,7,130,910,B,,,,,,,,,,,,,
46,SW,TRIBOR,15,6,90,A,,,,,,,,,,,,,
46,SW,AMESPP,6,4,24,A,,,,,,,,,,,,,
46,SW,PRUSER,2,3,6,A,,,,,,,,,,,,,
46,SW,CLIBOR,6,19,114,A,,,,,,,,,,,,,
46,SW,MEDVIR,9,15,135,A,,,,,,,,,,,,,
46,SW,MIACAN,29,7,203,A,,,,,,,,,,,,,
46,SW,FAGGRA2,62,40,2480,B,,,,,,,,,,,,,
46,SW,ACESAC,20,2,40,A,,,,,,,,,,,,,
46,SW,ACEPEN,5,3,15,A,,,,,,,,,,,,,
46,NW,STRLAN,16,15,240,A,,,,,,,,,,,,,
46,NW,ACEPEN,13,160,2080,B,,,,,,,,,,,,,
46,NW,OXAMON,54,5,270,A,,,,,,,,,,,,,
46,NW,UVUSES,1,2,2,A,,,,,,,,,,,,,
46,NW,MIACAN,11,7,77,A,,,,,,,,,,,,,
46,NW,CLIBOR,1,10,10,A,,,,,,,,,,,,,
46,NW,ACESAC,12,2,24,A,,,,,,,,,,,,,
46,NW,VIBLAN,6,60,360,A,,,,,,,,,,,,,
46,NW,BETALL,2,0.5,1,A,,,,,,,,,,,,,
46,NW,PICRUB2,-1,-1,10,A,,,,,,,,,,,,,
46,NW,ACESPI,3,1,3,A,,,,,,,,,,,,,
134,NE,ACESPI,5,8,40,A,,,,,,,,,,,,,
134,NE,VIBLAN,38,75,2850,B,,,,,,,,,,,,,
134,NE,OXAMON,28,4,112,A,,,,,,,,,,,,,
134,NE,BETALL,10,0.5,5,A,,,,,,,,,,,,,
134,NE,ACEPEN,3,170,510,A,,,,,,,,,,,,,
134,NE,DRYINT,6,80,480,A,,,,,,,,,,,,,
134,NE,ACERUB,4,3,12,A,,,,,,,,,,,,,
134,NE,HUPLUC,1,4,4,A,,,,,,,,,,,,,
134,SE,UVUSES,128,6,768,A,,,,,,,,,,,,,
134,SE,HUPLUC,83,10,830,A,,,,,,,,,,,,,
134,SE,FRAAME,5,3,15,A,,,,,,,,,,,,,
134,SE,FAGGRA,64,25,1600,B,,,,,,,,,,,,,
134,SE,CLIBOR,3,40,120,A,,,,,,,,,,,,,
134,SE,ACERUB,6,3,18,A,,,,,,,,,,,,,
134,SE,OXAMON,3,4,12,A,,,,,,,,,,,,,
134,SW,VIBLAN,70,110,7700,C,,,,,,,,,,,,,
134,SW,DRYINT,6,100,600,A,,,,,,,,,,,,,
134,SW,FRAAME,2,0.5,1,A,,,,,,,,,,,,,
134,NW,DRYINT,3,75,225,A,,,,,,,,,,,,,
134,NW,VIBLAN,11,100,1100,B,,,,,,,,,,,,,
134,NW,ACEPEN,18,150,2700,B,,,,,,,,,,,,,
134,NW,CLIBOR,10,25,250,A,,,,,,,,,,,,,
134,NW,OXAMON,35,4,140,A,,,,,,,,,,,,,
134,NW,TSUCAN,-1,-1,1150,B,,,,,,,,,,,,,
134,NW,FRAAME,2,0.5,1,A,,,,,,,,,,,,,
134,NW,FAGGRA,7,13,91,A,,,,,,,,,,,,,
134,NW,HUPLUC,3,10,30,A,,,,,,,,,,,,,
134,NW,LONCAN,3,10,30,A,,,,,,,,,,,,,
134,NW2,VIBLAN,154,110,16940,E,,,,,,,,,,,,,
134,NW2,DRYINT,5.5,145,797.5,A,,,,,,,,,,,,,
134,NW2,ACEPEN,12,150,1800,B,,,,,,,,,,,,,
134,NW2,FRAAME,2,0.5,1,A,,,,,,,,,,,,,
134,NW2,ARITRI,3,0.5,1.5,A,,,,,,,,,,,,,
118,NE,HUPLUC,15,10,150,A,,,,,,,,,,,,,
118,NE,ACERUB,172,2.5,430,A,,,,,,,,,,,,,
118,NE,SORAME,21,1,21,A,,,,,,,,,,,,,
118,NE,TRIERE,1,5,5,A,,,,,,,,,,,,,
118,NE,ACEPEN,2,4,8,A,,,,,,,,,,,,,
118,NE,ABIBAL,2,3,6,A,,,,,,,,,,,,,
118,SE,HUPLUCK,9,10,90,A,,,,,,,,,,,,,
118,SE,ACERUB,22,1,22,A,,,,,,,,,,,,,
118,SE,ACEPEN,2,1.5,3,A,,,,,,,,,,,,,
118,SE,ABIBAL,1,0.5,0.5,A,,,,,,,,,,,,,
118,SW2,VIBLAN,18,90,1620,B,,,,,,,,,,,,,
118,SW2,ARANUD,15,10,150,A,,,,,,,,,,,,,
118,SW2,DRYINT,3,170,510,A,,,,,,,,,,,,,
118,SW2,CLIBOR,3,40,120,A,,,,,,,,,,,,,
118,SW2,ACERUB,68,2,136,A,,,,,,,,,,,,,
118,SW2,ACEPEN,2,2,4,A,,,,,,,,,,,,,
118,SW2,HUPLUC,164,15,2460,B,,,,,,,,,,,,,
118,SW2,BETALL,4,0.5,2,A,,,,,,,,,,,,,
118,SW,ARANUD,14,10,140,A,,,,,,,,,,,,,
118,SW,VIBLAN,37,100,3700,B,,,,,,,,,,,,,
118,SW,HUPLUC,114,15,1710,A,,,,,,,,,,,,,
118,SW,DRYINT,6,50,300,A,,,,,,,,,,,,,
118,SW,ACERUB,32,2,64,A,,,,,,,,,,,,,
118,SW,ACEPEN,2,2,4,A,,,,,,,,,,,,,
118,SW,FAGGRA2,16,25,400,A,,,,,,,,,,,,,
118,NW,VIBLAN,10,75,750,A,,,,,,,,,,,,,
118,NW,HUPLUC,365,15,5475,B,,,,,,,,,,,,,
118,NW,ACERUB,12,2,24,A,,,,,,,,,,,,,
118,NW,ACEPEN,2,2,4,A,,,,,,,,,,,,,
136,NE,VIBLAN,66,120,7920,C,,,,,,,,,,,,,
136,NE,ACERUB,14,1.5,21,A,,,,,,,,,,,,,
136,NE,ABIBAL,1,0.5,0.5,A,,,,,,,,,,,,,
136,SE,VITLAN,38,100,3800,B,,,,,,,,,,,,,
136,SE,DRYINT,3,160,480,A,,,,,,,,,,,,,
136,SW,VIBLAN,2,200,400,A,,,,,,,,,,,,,
136,SW,CYPACA,2,25,50,A,,,,,,,,,,,,,
136,SW,ACERUB,36,2,72,A,,,,,,,,,,,,,
136,SW,BETALL,6,0.5,3,A,,,,,,,,,,,,,
136,NW,VIBLAN,16,95,1520,B,,,,,,,,,,,,,
136,NW,DRYINT,1,20,20,A,,,,,,,,,,,,,
136,NW,ACERUB,34,1.5,51,A,,,,,,,,,,,,,
136,NW2,OXAMON,3,5,15,A,,,,,,,,,,,,,
136,NW2,ACERUB,20,1.5,30,A,,,,,,,,,,,,,
112,NE2,FAGGRA,80,40,3200,B,,,,,,,,,,,,,
112,NE2,ARANUD,15,15,225,A,,,,,,,,,,,,,
112,NE2,MEDVIR,19,7,133,A,,,,,,,,,,,,,
112,NE2,ACEPEN,8,7,56,A,,,,,,,,,,,,,
112,NE2,ACESAC,24,6,144,A,,,,,,,,,,,,,
112,NE2,DRYINT,1,30,30,A,,,,,,,,,,,,,
112,NE2,PICRUB,-1,-1,140,A,,,,,,,,,,,,,
112,NE2,HUPLUC,4,5,20,A,,,,,,,,,,,,,
112,NE,ACEPEN,6,2,12,A,,,,,,,,,,,,,
112,NE,TRIUND,1,10,10,A,,,,,,,,,,,,,
112,NE,ACESAC,4,8,32,A,,,,,,,,,,,,,
112,NE,BETALL,5,1,5,A,,,,,,,,,,,,,
112,SE,ARANUD,8,8,64,A,,,,,,,,,,,,,
112,SE,FAGGRA,8,9,72,A,,,,,,,,,,,,,
112,SE,MEDVIR,17,7,119,A,,,,,,,,,,,,,
112,SE,DRYINT,3,140,420,A,,,,,,,,,,,,,
112,SE,ACEPEN,8,8,64,A,,,,,,,,,,,,,
112,SE,ACESAC,4,4,16,A,,,,,,,,,,,,,
112,SE,TRIUND,5,8,40,A,,,,,,,,,,,,,
112,SE,BETALL,2,0.5,1,A,,,,,,,,,,,,,
112,SW,FAGGRA,157,45,7065,B,,,,,,,,,,,,,
112,SW,HUPLUC,182,12,2184,B,,,,,,,,,,,,,
112,SW,DRYINT,2,130,260,A,,,,,,,,,,,,,
112,SW,ACEPEN,4,8,32,A,,,,,,,,,,,,,
112,NW,ACESAC,2,5,10,A,,,,,,,,,,,,,
112,NW,ACEPEN,6,5,30,A,,,,,,,,,,,,,
63,NE,DRYINT,4,150,600,B,,,,,,,,,,,,,
63,NE,ABIBAL,3,1,3,A,,,,,,,,,,,,,
63,NE,ACESAC,4,3,12,A,,,,,,,,,,,,,
63,NE,CLIBOR,5,50,250,A,,,,,,,,,,,,,
63,SE,DRYCAM,1,140,140,A,,,,,,,,,,,,,
63,SE,HUPLUC,46,10,460,A,,,,,,,,,,,,,
63,SE,OXAMON,10,5,50,A,,,,,,,,,,,,,
63,SE,CLIBOR,1,50,50,A,,,,,,,,,,,,,
63,SE,ABIBAL,1,0.5,0.5,A,,,,,,,,,,,,,
63,SE,ACEPEN,2,1.5,3,A,,,,,,,,,,,,,
63,SE,BETALL,1,0.5,0.5,A,,,,,,,,,,,,,
63,SE2,DRYINT,4,155,620,B,,,,,,,,,,,,,
63,SE2,ACEPEN,2,4,8,A,,,,,,,,,,,,,
63,SE2,FAGGRA,38,40,1520,B,,,,,,,,,,,,,
63,SW,DRYCAM,1.5,275,412.5,B,,,,,,,,,,,,,
63,SW,CLIBOR,6,110,660,B,,,,,,,,,,,,,
63,SW,MIACAN,126,20,2520,B,,,,,,,,,,,,,
63,SW,ARANUD,32,15,480,A,,,,,,,,,,,,,
63,SW,TRIERE,3,100,300,A,,,,,,,,,,,,,
63,SW,TRIUND,3,110,330,A,,,,,,,,,,,,,
63,SW,ACESAC,2,2,4,A,,,,,,,,,,,,,
63,SW,ACEPEN,2,3,6,A,,,,,,,,,,,,,
63,NW,CLIBOR,7,45,315,A,,,,,,,,,,,,,
63,NW,DRYINT,2.5,150,375,A,,,,,,,,,,,,,
63,NW,FAGGRA2,14,20,280,A,,,,,,,,,,,,,
72,NE2,VIBLAN,11,100,1100,B,,,,,,,,,,,,,
72,NE2,DRYINT,6,170,1020,B,,,,,,,,,,,,,
72,NE2,CLIBOR,7,35,245,A,,,,,,,,,,,,,
72,NE2,HUPLUC,13,15,195,A,,,,,,,,,,,,,
72,NE2,FAGGRA,50,55,2750,B,,,,,,,,,,,,,
72,NE2,MIACAN,2,10,20,A,,,,,,,,,,,,,
72,NE,FAGGRA,84,50,4200,B,,,,,,,,,,,,,
72,NE,DRYINT,13,250,3250,B,,,,,,,,,,,,,
72,NE,CLIBOR,6,40,240,A,,,,,,,,,,,,,
72,NE,ACESPI,2,30,60,A,,,,,,,,,,,,,
72,NE,HUPLUC,8,10,80,A,,,,,,,,,,,,,
72,NE,STRLAN,15,10,150,A,,,,,,,,,,,,,
72,NE,OXAMON,4,6,24,A,,,,,,,,,,,,,
72,SE,OXAMON,148,5,740,B,,,,,,,,,,,,,
72,SE,FAGGRA,8,8,64,A,,,,,,,,,,,,,
72,SE,FAGGRA2,73,45,3285,B,,,,,,,,,,,,,
72,SE,ACEPEN,6,7,42,A,,,,,,,,,,,,,
72,SE,CLIBOR,3,25,75,A,,,,,,,,,,,,,
72,SE,VIBLAN,4,45,180,A,,,,,,,,,,,,,
72,SE,DRYINT,2,140,280,A,,,,,,,,,,,,,
72,SW,DRYINT,8,145,1160,B,,,,,,,,,,,,,
72,SW,VIBLAN,44,85,3740,B,,,,,,,,,,,,,
72,SW,OXAMON,19,6,114,A,,,,,,,,,,,,,
72,SW,FAGGRA,39,35,1365,A,,,,,,,,,,,,,
72,SW,CLIBOR,2,60,120,A,,,,,,,,,,,,,
72,SW,HUPLUC,54,10,540,A,,,,,,,,,,,,,
72,SW,FAGGRA2,3,40,120,A,,,,,,,,,,,,,
72,NW,VIBLAN,31,100,3100,B,,,,,,,,,,,,,
72,NW,ACESPI,7,65,455,A,,,,,,,,,,,,,
72,NW,ACEPEN,2,4,8,A,,,,,,,,,,,,,
72,NW,DRYINT,1,150,150,A,,,,,,,,,,,,,
24,NE,ARITRI,36,10,360,A,,,,,,,,,,,,,
24,NE,OCLACU,47,10,470,A,,,,,,,,,,,,,
24,NE,ACESPI,117,55,6435,C,,,,,,,,,,,,,
24,NE,PHECON,4,30,120,A,,,,,,,,,,,,,
24,NE,BETALL,13,35,455,A,,,,,,,,,,,,,
24,NE,THAPUB,42,4,168,A,,,,,,,,,,,,,
24,NE,DRYINT,6,170,1020,B,,,,,,,,,,,,,
24,NE,CARINT,6,15,90,A,,,,,,,,,,,,,
24,NE,UNK024,-1,-1,15,A,,,,,,,,,,,,,
24,NE2,PHECON,15,20,300,A,,,,,,,,,,,,,
24,NE2,RUBPUB,4,15,60,A,,,,,,,,,,,,,
24,NE2,CLIBOR,3,150,450,A,,,,,,,,,,,,,
24,NE2,OXAMON,88,5,440,A,,,,,,,,,,,,,
24,NE2,VIBLAN,20,100,2000,B,,,,,,,,,,,,,
24,SE,PICRUB,-1,-1,800,B,,,,,,,,,,,,,
24,SE,DRYINT,29,165,4785,C,,,,,,,,,,,,,
24,SE,ACEPEN,6,4,24,A,,,,,,,,,,,,,
24,SW,VIBLAN,56,100,5600,C,,,,,,,,,,,,,
24,SW,STRLAN,30,13,390,A,,,,,,,,,,,,,
24,SW,DRYINT,26,180,4680,C,,,,,,,,,,,,,
24,SW,ACEPEN,2,0.5,1,A,,,,,,,,,,,,,
24,NW,OCLACU,76,15,1140,B,,,,,,,,,,,,,
24,NW,ACESPI2,64,80,5120,B,,,,,,,,,,,,,
24,NW,VIOBLA,94,10,940,B,,,,,,,,,,,,,
24,NW,BETALL,25,25,625,A,,,,,,,,,,,,,
24,NW,RUBPUB,24,6,144,A,,,,,,,,,,,,,
24,NW,PHECON,29,20,580,A,,,,,,,,,,,,,
24,NW,CLIBOR,29,70,2030,B,,,,,,,,,,,,,
24,NW,TRIERE,3,200,600,A,,,,,,,,,,,,,
24,NW,ACTRUB,44,17,748,A,,,,,,,,,,,,,
24,NW,MIACAN,7,20,140,A,,,,,,,,,,,,,
24,NW,ACESPI,20,50,1000,B,,,,,,,,,,,,,
47,NE,CLIBOR,6,70,420,A,,,,,,,,,,,,,
47,NE,VIBLAN,64,100,6400,B,,,,,,,,,,,,,
47,NE,HUPLUC,52,10,520,A,,,,,,,,,,,,,
47,NE,DRYINT,8,175,1400,B,,,,,,,,,,,,,
47,NE,TRIUND,3,70,210,A,,,,,,,,,,,,,
47,NE,ACESAC,16,2,32,A,,,,,,,,,,,,,
47,NE,ACEPEN,2,3,6,A,,,,,,,,,,,,,
47,NE,FAGGRA,39,25,975,B,,,,,,,,,,,,,
47,NE,FAGGRA2,40,32,1280,B,,,,,,,,,,,,,
47,SE,CLIBOR,8,90,720,B,,,,,,,,,,,,,
47,SE,MEDVIR,41,15,615,A,,,,,,,,,,,,,
47,SE,HUPLUC,25,10,250,A,,,,,,,,,,,,,
47,SE,VIBLAN,16,95,1520,B,,,,,,,,,,,,,
47,SE,USUSES,49,6,294,A,,,,,,,,,,,,,
47,SE,ACEPEN,4,4,16,A,,,,,,,,,,,,,
47,SE,ACESAC,10,2,20,A,,,,,,,,,,,,,
47,SE,DRYINT,7,180,1260,B,,,,,,,,,,,,,
47,SE,ACESPI,2,3,6,A,,,,,,,,,,,,,
47,SW2,CLIBOR,5,45,225,A,,,,,,,,,,,,,
47,SW2,DRYINT,6,180,1080,B,,,,,,,,,,,,,
47,SW2,VIBLAN,8,80,640,A,,,,,,,,,,,,,
47,SW2,HUPLUC,9,10,90,A,,,,,,,,,,,,,
47,SW2,FAGGRA,88,25,2200,B,,,,,,,,,,,,,
47,SW2,ACEPEN,3,3,9,A,,,,,,,,,,,,,
47,SW2,ACERUB,16,1.5,24,A,,,,,,,,,,,,,
47,SW,VIBLAN,10,110,1100,B,,,,,,,,,,,,,
47,SW,DRYINT,12,185,2220,B,,,,,,,,,,,,,
47,SW,ACERUB,8,1.5,12,A,,,,,,,,,,,,,
47,SW,HUPLUC,11,10,110,A,,,,,,,,,,,,,
47,SW,ACESAC,2,2,4,A,,,,,,,,,,,,,
47,SW,ACEPEN,4,5,20,A,,,,,,,,,,,,,
47,NW,UVUSESS,31,4,124,A,,,,,,,,,,,,,
47,NW,HUPLUC,6,10,60,A,,,,,,,,,,,,,
47,NW,VIBLAN,111,95,10545,C,,,,,,,,,,,,,
47,NW,DRYINT,17,190,3230,C,,,,,,,,,,,,,
47,NW,ACERUB,12,1.5,18,A,,,,,,,,,,,,,
47,NW,MIACAN,2,8,16,A,,,,,,,,,,,,,
47,NW,OXAMON,1,1,1,A,,,,,,,,,,,,,
47,NW,ACEPEN,2,3,6,A,,,,,,,,,,,,,
413,NE,ACERUB,18,18,324,A,,,,,,,,,,,,,
413,NE,CHACAN,116,5,580,A,,,,,,,,,,,,,
413,NE,VACMYR,555,3,1665,B,,,,,,,,,,,,,
413,NE,OSMCIN,13,260,3380,A,,,,,,,,,,,,,
413,NE,ILEMUC,229,7,1603,A,,,,,,,,,,,,,
413,NE,PICRUB,-1,-1,4400,C,,,,,,,,,,,,,
413,NE,ABIBAL,-1,-1,7200,D,,,,,,,,,,,,,
413,NE,CARTRI,83,10,830,A,,,,,,,,,,,,,
413,NE,UNK027,18,1,18,A,,,,,,,,,,,,,
413,NE,COPTRI,3,1,3,A,,,,,,,,,,,,,
413,SE,VIBNUD,114,13,1482,B,,,,,,,,,,,,,
413,SE,ILEMUC,13,12,156,A,,,,,,,,,,,,,
413,SE,CHACAN,100,5,500,A,,,,,,,,,,,,,
413,SE,OSMCIN,18,400,7200,D,,,,,,,,,,,,,
413,SE,VACMYR,-1,-1,175,A,,,,,,,,,,,,,
413,SE,ACERUB,49,35,1715,B,,,,,,,,,,,,,
413,SE,AMESPP,11,5,55,A,,,,,,,,,,,,,
413,SE,CARTRI,610,7,4270,B,,,,,,,,,,,,,
413,SE,ABIBAL,-1,-1,1500,B,,,,,,,,,,,,,
413,SE,PICRUB,-1,-1,150,A,,,,,,,,,,,,,
413,SW,PICRUB,-1,-1,2530,B,,,,,,,,,,,,,
413,SW,CHACAN,108,5,540,A,,,,,,,,,,,,,
413,SW,ACERUB,25,15,375,A,,,,,,,,,,,,,
413,SW,VACMYR,-1,-1,2150,B,,,,,,,,,,,,,
413,SW,UNK027,85,1.5,127.5,A,,,,,,,,,,,,,
413,SW,ILEMUC,73,5,365,A,,,,,,,,,,,,,
413,SW,COPTRI,18,3,54,A,,,,,,,,,,,,,
413,SW,CARTRI,30,7,210,A,,,,,,,,,,,,,
413,SW,ABIBAL2,-1,-1,990,A,,,,,,,,,,,,,
413,SW,ABIBAL,-1,-1,330,A,,,,,,,,,,,,,
413,NW2,COPTRI,106,3,318,A,,,,,,,,,,,,,
413,NW2,VACMYR,-1,-1,800,B,,,,,,,,,,,,,
413,NW2,CHACAN,112,10,1120,A,,,,,,,,,,,,,
413,NW2,ILEMUC,61,10,610,B,,,,,,,,,,,,,
413,NW2,OSMCIN,21,400,8400,E,,,,,,,,,,,,,
413,NW2,UNK027,32,1,32,A,,,,,,,,,,,,,
413,NW2,ABIBAL,-1,-1,750,B,,,,,,,,,,,,,
413,NW2,PICRUB,-1,-1,50,A,,,,,,,,,,,,,
413,NW2,ACERUB,76,25,1900,B,,,,,,,,,,,,,
413,NW2,MIACAN,1,15,15,A,,,,,,,,,,,,,
413,NW2,CARTRI,60,7,420,A,,,,,,,,,,,,,
413,NW,SORAME,7,110,770,A,,,,,,,,,,,,,
413,NW,COPTRI,30,3,90,A,,,,,,,,,,,,,
413,NW,ILEMUC,613,8,4904,C,,,,,,,,,,,,,
413,NW,OSMCIN,8,375,3000,C,,,,,,,,,,,,,
413,NW,CHACAN,44,10,440,A,,,,,,,,,,,,,
413,NW,ACERUB,5,15,75,A,,,,,,,,,,,,,
413,NW,CARTRI,65,7,455,A,,,,,,,,,,,,,
413,NW,ABIBAL,-1,-1,2100,B,,,,,,,,,,,,,
413,NW,PICRUB2,-1,-1,4180,D,,,,,,,,,,,,,
413,NW,VACMYR,-1,-1,625,B,,,,,,,,,,,,,
7,NE,FAGGRA2,49,25,1225,A,,,,,,,,,,,,,
7,NE,DRYINT,8,70,560,A,,,,,,,,,,,,,
7,NE,VIBLAN,14,100,1400,B,,,,,,,,,,,,,
7,NE,ACESAC,4,10,40,A,,,,,,,,,,,,,
7,NE,ACESPI,3,12,36,A,,,,,,,,,,,,,
7,NE,FAGGRA,3,15,45,A,,,,,,,,,,,,,
7,NE,TRISPP,2,5,10,A,,,,,,,,,,,,,
7,NE,CARINT,4,10,40,A,,,,,,,,,,,,,
7,NE,UVUSES,64,7,448,A,,,,,,,,,,,,,
7,NE,ABIBAL,1,1,1,A,,,,,,,,,,,,,
7,SE2,VIBLAN,112,100,11200,D,,,,,,,,,,,,,
7,SE2,HUPLUC,125,15,1875,A,,,,,,,,,,,,,
7,SE2,DRYINT,2,170,340,A,,,,,,,,,,,,,
7,SE,BETALL,158,0.5,79,A,,,,,,,,,,,,,
7,SE,ACEPEN,2,4,8,A,,,,,,,,,,,,,
7,SE,TRISPP,2,1,2,A,,,,,,,,,,,,,
7,SE,ABIBAL,8,1,8,A,,,,,,,,,,,,,
7,SE,ACESAC,2,2,4,A,,,,,,,,,,,,,
7,SE,VIBLAN,51,100,5100,C,,,,,,,,,,,,,
7,SW,ACESAC,2,12,24,A,,,,,,,,,,,,,
7,SW,ACEPEN,2,80,160,A,,,,,,,,,,,,,
7,SW,ARITRI,6,15,90,A,,,,,,,,,,,,,
7,SW,DRYINT,3,140,420,A,,,,,,,,,,,,,
7,SW,ACESPI,6,10,60,A,,,,,,,,,,,,,
7,SW,VIBLAN,6,50,300,A,,,,,,,,,,,,,
7,SW,UVUSES,75,5,375,B,,,,,,,,,,,,,
7,SW,CINLAT,9,15,135,A,,,,,,,,,,,,,
7,SW,ABIBAL2,-1,-1,315,A,,,,,,,,,,,,,
7,NW,CINLAT,11,15,165,A,,,,,,,,,,,,,
7,NW,HUPLUC,30,12,360,A,,,,,,,,,,,,,
7,NW,ABIBAL,7,1,7,A,,,,,,,,,,,,,
7,NW,UVUSES,18,7,126,A,,,,,,,,,,,,,
7,NW,VIOBLA,12,4,48,A,,,,,,,,,,,,,
7,NW,VIOROT,4,4,16,A,,,,,,,,,,,,,
7,NW,UNK025,9,20,180,A,,,,,,,,,,,,,
7,NW,UNK026,9,10,90,A,,,,,,,,,,,,,
7,NW,ACESAC,2,3,6,A,,,,,,,,,,,,,
7,NW,BETALL,7,0.25,1.75,A,,,,,,,,,,,,,
419,NE,PICRUB,-1,-1,125,A,,,,,,,,,,,,,
419,NE,PICRUB2,-1,-1,400,A,,,,,,,,,,,,,
419,NE,ACEPEN,4,3,12,A,,,,,,,,,,,,,
419,SE,ABIBAL,-1,-1,250,A,,,,,,,,,,,,,
419,SE,ACESPI,4,2.5,10,A,,,,,,,,,,,,,
419,SE,MIACAN,1,3,3,A,,,,,,,,,,,,,
419,SE,PICRUB2,-1,-1,320,A,,,,,,,,,,,,,
419,SE,ACEPEN,3,3,9,A,,,,,,,,,,,,,
419,SW,ACEPEN,2,0.5,1,A,,,,,,,,,,,,,
419,NW2,ACEPEN,-1,-1,216,A,,,,,,,,,,,,,
419,NW2,ACESPI,4,4,16,A,,,,,,,,,,,,,
419,NW2,MIACAN,22,10,220,A,,,,,,,,,,,,,
419,NW2,PICRUB,-1,-1,450,A,,,,,,,,,,,,,
419,NW2,PICRUB2,-1,-1,1500,C,,,,,,,,,,,,,
419,NW2,DENDEN,1,20,20,A,,,,,,,,,,,,,
419,NW,UVUSES,18,3,54,A,,,,,,,,,,,,,
419,NW,DENDEN,7,30,210,A,,,,,,,,,,,,,
419,NW,ACEPEN,2,50,100,A,,,,,,,,,,,,,
419,NW,MIACAN,1,3,3,A,,,,,,,,,,,,,
419,NW,PICRUB,-1,-1,120,A,,,,,,,,,,,,,
405,NE,ACERUB,12,2,24,A,,,,,,,,,,,,,
405,NE,MIACAN,22,7.5,165,A,,,,,,,,,,,,,
405,NE,DRYINT,1.5,30,45,A,,,,,,,,,,,,,
405,NE,ACEPEN,3,5,15,A,,,,,,,,,,,,,
405,SE2,VIBLAN,0.5,100,50,A,,,,,,,,,,,,,
405,SE2,MIACAN,8,12,96,A,,,,,,,,,,,,,
405,SE2,ACERUB,12,2,24,A,,,,,,,,,,,,,
405,SE2,DRYINT,1,30,30,A,,,,,,,,,,,,,
405,SE,VIBLAN,2,60,120,A,,,,,,,,,,,,,
405,SE,FAGGRA,20,25,500,A,,,,,,,,,,,,,
405,SE,ACEPEN,8,3,24,A,,,,,,,,,,,,,
405,SE,MIACAN,25,10,250,A,,,,,,,,,,,,,
405,SE,ACERUB,13,3,39,A,,,,,,,,,,,,,
405,SE,DRYINT,5,130,650,A,,,,,,,,,,,,,
405,SW,MEDVIR,5,5,25,A,,,,,,,,,,,,,
405,SW,ACERUB,6,2,12,A,,,,,,,,,,,,,
405,SW,VIBLAN,2,15,30,A,,,,,,,,,,,,,
405,SW,MIACAN,3,3,9,A,,,,,,,,,,,,,
405,SW,ACEPEN,4,4,16,A,,,,,,,,,,,,,
405,NW,POLACR,2,75,150,A,,,,,,,,,,,,,
405,NW,MITREP,22,2,44,A,,,,,,,,,,,,,
405,NW,ACEPEN,4,8,32,A,,,,,,,,,,,,,
405,NW,MEDVIR,3,1,3,A,,,,,,,,,,,,,
405,NW,DRYINT,1,30,30,A,,,,,,,,,,,,,
405,NW,ACERUB,16,2,32,A,,,,,,,,,,,,,
405,NW,MIACAN,1,1,1,A,,,,,,,,,,,,,
405,NW,VIBLAN,1,30,30,A,,,,,,,,,,,,,
411,NE2,AMESPP,18,25,450,A,,,,,,,,,,,,,
411,NE2,PREALT,5,15,75,A,,,,,,,,,,,,,
411,NE2,MIACAN,7,10,70,A,,,,,,,,,,,,,
411,NE2,ARITRI,3,4,12,A,,,,,,,,,,,,,
411,NE2,OSMCIN,1.5,750,1125,B,,,,,,,,,,,,,
411,NE2,ACESAC,26,3,428,A,,,,,,,,,,,,,
411,NE2,ONOSEN,1,30,30,A,,,,,,,,,,,,,
411,NE2,FRAAME,3,1,3,A,,,,,,,,,,,,,
411,NE2,CARSPP,6,20,120,A,,,,,,,,,,,,,
411,NE2,FAGGRA2,11,45,495,A,,,,,,,,,,,,,
411,NE2,POPSPP,1,5,5,A,,,,,,,,,,,,,
411,NE2,UNK029,1,12,12,A,,,,,,,,,,,,,
411,NE,VIBACE,42,17,714,A,,,,,,,,,,,,,
411,NE,PARNOV,19,70,1330,B,,,,,,,,,,,,,
411,NE,OSMCIN,9,600,5400,E,,,,,,,,,,,,,
411,NE,MIACAN,4,15,60,A,,,,,,,,,,,,,
411,NE,TIACOR,8,20,160,A,,,,,,,,,,,,,
411,NE,UNK030,14,7,98,A,,,,,,,,,,,,,
411,NE,PRUSER,2,10,20,A,,,,,,,,,,,,,
411,NE,ACESAC,6,2,12,A,,,,,,,,,,,,,
411,SE,AMESPP,10,15,150,A,,,,,,,,,,,,,
411,SE,UVUSESS,7,3,21,A,,,,,,,,,,,,,
411,SE,PTEAQU,1,40,40,A,,,,,,,,,,,,,
411,SE,CRESPP,3,2,6,A,,,,,,,,,,,,,
411,SE,OSMCIN,2,50,100,A,,,,,,,,,,,,,
411,SE,FRAAME,13,20,260,A,,,,,,,,,,,,,
411,SE,ATHANG,24,80,1920,B,,,,,,,,,,,,,
411,SE,MIACAN,4,15,60,A,,,,,,,,,,,,,
411,SE,ACESAC,13,2,26,A,,,,,,,,,,,,,
411,SE,TRIBOR,1,1,1,A,,,,,,,,,,,,,
411,SW,VIBACE,2,7,14,A,,,,,,,,,,,,,
411,SW,QUERUB,5,70,350,A,,,,,,,,,,,,,
411,SW,MIACAN,11,10,110,A,,,,,,,,,,,,,
411,SW,ATHANG,1,20,20,A,,,,,,,,,,,,,
411,SW,BLUECOHOSH,4,15,60,A,,,,,,,,,,,,,
411,SW,POPSPP,6,1,6,A,,,,,,,,,,,,,
411,SW,ACESAC,32,2,64,A,,,,,,,,,,,,,
411,SW,CARspp,15,10,150,A,,,,,,,,,,,,,
411,SW,CAR--,COMING BACK TO ID THIS?,,#VALUE!,A,,,,,,,,,,,,,
411,SW,ACESPI,2,15,30,A,,,,,,,,,,,,,
411,NW,ACESAC,32,2,64,A,,,,,,,,,,,,,
411,NW,POPSPP,11,6,66,A,,,,,,,,,,,,,
411,NW,ONOSEN,6,15,90,A,,,,,,,,,,,,,
411,NW,PREALT,1,5,5,A,,,,,,,,,,,,,
411,NW,MIACAN,4,8,32,A,,,,,,,,,,,,,
411,NW,AMESPP,3,4,12,A,,,,,,,,,,,,,
33,NE,UVUSESS,81,7,567,A,,,,,,,,,,,,,
33,NE,ACEPEN,8,92,764,A,,,,,,,,,,,,,
33,NE,ACESAC,13,7,91,A,,,,,,,,,,,,,
33,NE,TRIBOR,9,8,72,A,,,,,,,,,,,,,
33,NE,TRISPP,5,8,40,A,,,,,,,,,,,,,
33,NE,MITREP,10,1,10,A,,,,,,,,,,,,,
33,NE,MEDVIR,9,5,45,A,,,,,,,,,,,,,
33,NE,FRAAME,5,15,75,A,,,,,,,,,,,,,
33,NE,STRLAN,5,7,35,A,,,,,,,,,,,,,
33,NE,AMESPP,3,7,21,A,,,,,,,,,,,,,
33,NE,PRUSER,17,8,136,A,,,,,,,,,,,,,
33,SE,VIOROT,11,20,220,A,,,,,,,,,,,,,
33,SE,UVUSES,135,6,810,A,,,,,,,,,,,,,
33,SE,ACEPEN,2,6,12,A,,,,,,,,,,,,,
33,SE,AMESPP,8,5,40,A,,,,,,,,,,,,,
33,SE,FAGGRA,81,17,1377,B,,,,,,,,,,,,,
33,SE,DRYINT,2,165,330,A,,,,,,,,,,,,,
33,SE,VIOBLA,8,3,24,A,,,,,,,,,,,,,
33,SE,ACESAC,2,6,12,A,,,,,,,,,,,,,
33,SE,PRUSER,4,3,12,A,,,,,,,,,,,,,
33,SW,ACEPEN,6,6,36,A,,,,,,,,,,,,,
33,SW,FAGGRA,7,6,42,A,,,,,,,,,,,,,
33,SW,PRUSER,7,4,28,A,,,,,,,,,,,,,
33,SW,FRAAME,2,0.5,1,A,,,,,,,,,,,,,
33,NW2,PRUSER,24,4,96,A,,,,,,,,,,,,,
33,NW2,ACEPEN,8,8,64,A,,,,,,,,,,,,,
33,NW2,ACERUB,2,7,14,A,,,,,,,,,,,,,
33,NW2,UVUSES,29,6,174,A,,,,,,,,,,,,,
33,NW2,MITREP,6,1,6,A,,,,,,,,,,,,,
33,NW,ARITRI,6,6,8,A,,,,,,,,,,,,,
33,NW,ACEPEN,-1,-1,1560,B,,,,,,,,,,,,,
33,NW,PRUSER,28,3,84,A,,,,,,,,,,,,,
33,NW,UVUSES,142,7,994,B,,,,,,,,,,,,,
33,NW,TRIBOR,8,15,120,A,,,,,,,,,,,,,
33,NW,FRAAME,22,15,330,A,,,,,,,,,,,,,
33,NW,AMESPP,3,10,30,A,,,,,,,,,,,,,
33,NW,ACESAC,16,15,240,A,,,,,,,,,,,,,
33,NW,FAGGRA,4,12,48,A,,,,,,,,,,,,,
33,NW,MITREP,32,1,32,A,,,,,,,,,,,,,
33,NW,ACERUB,4,15,60,A,,,,,,,,,,,,,
33,NW,DRYINT,1,10,10,A,,,,,,,,,,,,,
110,NE,VIBLAN,58,100,5800,C,,,,,,,,,,,,,
110,NE,MEDVIR,25,8,200,A,,,,,,,,,,,,,
110,NE,TRIUND,3.5,60,210,A,,,,,,,,,,,,,
110,NE,DRYINT,6,130,780,A,,,,,,,,,,,,,
110,SE2,MEDVIR,141,8,1128,A,,,,,,,,,,,,,
110,SE2,DRYINT,2,140,280,A,,,,,,,,,,,,,
110,SE2,ACEPEN,2,6,12,A,,,,,,,,,,,,,
110,SE2,MICAN,2,4,8,A,,,,,,,,,,,,,
110,SE2,VIBLAN,23,100,2300,B,,,,,,,,,,,,,
110,SE2,FAGGRA,43,40,1720,B,,,,,,,,,,,,,
110,SE2,BETALL,1,0.5,0.5,A,,,,,,,,,,,,,
110,SE,VIBLAN,92,90,8280,D,,,,,,,,,,,,,
110,SE,DRYINT,6,130,780,A,,,,,,,,,,,,,
110,SE,PICRUB2,-1,-1,700,B,,,,,,,,,,,,,
110,SE,TRIUND,4,25,100,A,,,,,,,,,,,,,
110,SE,MIACAN,1,3,3,A,,,,,,,,,,,,,
110,SW,ACERUB,30,4,120,A,,,,,,,,,,,,,
110,SW,VIBLAN,78,100,7800,C,,,,,,,,,,,,,
110,SW,OXAMON,21,5,105,A,,,,,,,,,,,,,
110,SW,DRYINT,2,165,330,A,,,,,,,,,,,,,
110,SW,FAGGRA,2,45,90,A,,,,,,,,,,,,,
110,NW,HUPLUC,28,8,224,A,,,,,,,,,,,,,
110,NW,BETALL,9,4,36,A,,,,,,,,,,,,,
110,NW,OXAMON,5,4,20,A,,,,,,,,,,,,,
110,NW,VIBLAN,58,90,5220,B,,,,,,,,,,,,,
110,NW,TRIUND,3,20,60,A,,,,,,,,,,,,,
110,NW,ACEPEN,2,3,6,A,,,,,,,,,,,,,
139,NE,VIBLAN2,5,85,425,A,,,,,,,,,,,,,
139,NE,PICRUB,-1,-1,150,A,,,,,,,,,,,,,
139,NE,DRYINT,5,120,600,A,,,,,,,,,,,,,
139,NE,CLIBOR,2,25,50,A,,,,,,,,,,,,,
139,NE,ACEPEN,10,3,30,A,,,,,,,,,,,,,
139,NE,ACERUB,8,3,24,A,,,,,,,,,,,,,
139,NE,VIBLAN,100,90,9000,B,,,,,,,,,,,,,
139,NE,OXAMON,3,5,15,A,,,,,,,,,,,,,
139,SE2,DRYINT,4,70,280,A,,,,,,,,,,,,,
139,SE2,OXAMON,11,5,55,A,,,,,,,,,,,,,
139,SE2,TSUCAN,6,90,540,B,,,,,,,,,,,,,
139,SE2,PICRUB,-1,-1,1000,B,,,,,,,,,,,,,
139,SE2,PICRUB2,-1,-1,450,A,,,,,,,,,,,,,
139,SE2,ACERUB,2,1.5,3,A,,,,,,,,,,,,,
139,SE2,ACEPEN,1,4,4,A,,,,,,,,,,,,,
139,SE,VIBLAN,1,150,150,A,,,,,,,,,,,,,
139,SE,ACERUC,1,1,1,A,,,,,,,,,,,,,
139,SE,ACEPEN,8,4,32,A,,,,,,,,,,,,,
139,SE,DRYINT,1,150,150,A,,,,,,,,,,,,,
139,SE,OXAMON,10,5,50,A,,,,,,,,,,,,,
139,SE,ACESPI,8,50,400,A,,,,,,,,,,,,,
139,SW,PICRUB2,1,10,10,A,,,,,,,,,,,,,
139,SW,DRYINT,10,230,2300,B,,,,,,,,,,,,,
139,SW,VIBLAN,156,95,14820,E,,,,,,,,,,,,,
139,SW,ACEPEN,4,2,8,A,,,,,,,,,,,,,
139,SW,ACESPI,5,60,300,A,,,,,,,,,,,,,
139,SW,ACERUB,8,1.5,12,A,,,,,,,,,,,,,
139,SW,OXAMON,1,1,1,A,,,,,,,,,,,,,
139,NW,OXAMON,15,5,75,A,,,,,,,,,,,,,
139,NW,CLIBOR,4,10,40,A,,,,,,,,,,,,,
139,NW,ACEPEN,14,7,98,A,,,,,,,,,,,,,
139,NW,ACERUB,2,2,4,A,,,,,,,,,,,,,
139,NW,VIBLAN,8,100,800,A,,,,,,,,,,,,,
186,NE,DENPUN,6,125,750,B,,,,,,,,,,,,,
186,NE,ACERUB,46,2,92,A,,,,,,,,,,,,,
186,NE,TRIBOR,113,6,678,A,,,,,,,,,,,,,
186,NE,CLIBOR,8,35,280,A,,,,,,,,,,,,,
186,NE,MIACAN,29,15,435,A,,,,,,,,,,,,,
186,NE,UNK031,6,5,30,A,,,,,,,,,,,,,
186,NE,DRYINT,1,150,150,A,,,,,,,,,,,,,
186,SE,PICRUB2,-1,-1,1650,B,,,,,,,,,,,,,
186,SE,DENPUN,24,150,3600,B,,,,,,,,,,,,,
186,SE,UVUSES,138,6,828,B,,,,,,,,,,,,,
186,SE,MIACAN,328,10,3280,C,,,,,,,,,,,,,
186,SE,ACEPEN,6,65,390,A,,,,,,,,,,,,,
186,SE,TRIBOR,10,7,70,A,,,,,,,,,,,,,
186,SE,ACESAC,7,20,140,A,,,,,,,,,,,,,
186,SE,ACERUB,60,2,120,A,,,,,,,,,,,,,
186,SW2,ACERUB,112,2,224,A,,,,,,,,,,,,,
186,SW2,TRIBOR,47,6,282,A,,,,,,,,,,,,,
186,SW2,MIACAN,145,8,1160,B,,,,,,,,,,,,,
186,SW2,ABIBAL,3.5,90,315,A,,,,,,,,,,,,,
186,SW2,UVUSES,274,9,2466,B,,,,,,,,,,,,,
186,SW,TRIBOR,25,7,175,A,,,,,,,,,,,,,
186,SW,ACERUB,252,3,756,A,,,,,,,,,,,,,
186,SW,BETPAP,6,3,18,A,,,,,,,,,,,,,
186,SW,MIACAN,27,11,297,A,,,,,,,,,,,,,
186,SW,ACESAC,2,4,8,A,,,,,,,,,,,,,
186,NW,DENPUN,56,220,12320,E,,,,,,,,,,,,,
186,NW,TRIBOR,42,4,168,A,,,,,,,,,,,,,
186,NW,UVUSES,61,6,366,A,,,,,,,,,,,,,
186,NW,ACEPEN,2,4,8,A,,,,,,,,,,,,,
186,NW,ACERUB,78,2,156,A,,,,,,,,,,,,,
186,NW,MIACAN,208,10,2080,B,,,,,,,,,,,,,
28,NE,FALCIL,26,7,182,A,,,,,,,,,,,,,
28,NE,ACESAC,17,17,289,A,,,,,,,,,,,,,
28,NE,TRIBOR,2,6,12,A,,,,,,,,,,,,,
28,NE,RUBIDE,1,0.5,0.5,A,,,,,,,,,,,,,
28,NE,ACEPEN,2,5,10,A,,,,,,,,,,,,,
28,NE,TRIUND,1,15,15,A,,,,,,,,,,,,,
28,NE,SAMRAC,2,10,20,A,,,,,,,,,,,,,
28,NE,FAGGRA,15,20,300,A,,,,,,,,,,,,,
28,SE2,ACESAC,9,2,18,A,,,,,,,,,,,,,
28,SE,ACEPEN,2,4,8,A,,,,,,,,,,,,,
28,SE2,DRYINT,16,165,2640,B,,,,,,,,,,,,,
28,SE,FAGGRA,3,35,105,A,,,,,,,,,,,,,
28,SE,TRIUND,4,30,120,A,,,,,,,,,,,,,
28,SE,ACEPEN,4,5,20,A,,,,,,,,,,,,,
28,SE,ACESAC,6,1,6,A,,,,,,,,,,,,,
28,SW,ACESAC,29,3,87,A,,,,,,,,,,,,,
28,SW,HUPLUC,296,10,2960,B,,,,,,,,,,,,,
28,SW,FRAAME,2,0.5,1,A,,,,,,,,,,,,,
28,SW,DRYINT,5,230,1150,B,,,,,,,,,,,,,
28,SW,FAGGRA,5,35,175,A,,,,,,,,,,,,,
28,SW,ACEPEN,8,25,200,A,,,,,,,,,,,,,
28,NW,DENPUN,19,70,1330,B,,,,,,,,,,,,,
28,NW,DRYINT,2,50,100,A,,,,,,,,,,,,,
28,NW,FAGGRA,6,15,90,A,,,,,,,,,,,,,
28,NW,ACEPEN,2,5,10,A,,,,,,,,,,,,,
28,NW,ACESAC,14,9,126,A,,,,,,,,,,,,,
28,NW,TRIBOR,6,8,48,A,,,,,,,,,,,,,
127,NE,ACESAC,91,50,4550,B,,,,,,,,,,,,,
127,NE,PICRUB,-1,-1,140,A,,,,,,,,,,,,,
127,NE,VIOROT,8,15,120,A,,,,,,,,,,,,,
127,NE,CARSPP,2,10,20,A,,,,,,,,,,,,,
127,NE,ACEPEN,4,5,20,A,,,,,,,,,,,,,
127,NE,DENPUN,2,40,80,A,,,,,,,,,,,,,
127,SE2,ACESAC,28,45,1260,B,,,,,,,,,,,,,
127,SE2,DRYINT,3,10,30,A,,,,,,,,,,,,,
127,SE2,CARSPP,5,6,30,A,,,,,,,,,,,,,
127,SE,TSUCAN,-1,-1,250,A,,,,,,,,,,,,,
127,SE,ACESAC,21,50,1050,B,,,,,,,,,,,,,
127,SE,PICRUB,-1,-1,640,A,,,,,,,,,,,,,
127,SE,ACEPEN,2,4,8,A,,,,,,,,,,,,,
127,SE,BETALL2,24,25,600,A,,,,,,,,,,,,,
127,SW,ACESAC,8,8,64,A,,,,,,,,,,,,,
127,SW,TRIERE,2,30,60,A,,,,,,,,,,,,,
127,SW,CLIBOR,4,9,36,A,,,,,,,,,,,,,
127,SW,FAGGRA,2,12,24,A,,,,,,,,,,,,,
127,SW,BETALL2,1,2,2,A,,,,,,,,,,,,,
127,SW,FAGGRA2,25,26,650,A,,,,,,,,,,,,,
127,SW,HUPLUC,-1,-1,10,A,,,,,,,,,,,,,
127,SW,ABIBAL,-1,-1,5,A,,,,,,,,,,,,,
127,NW,ACESAC,58,40,2320,B,,,,,,,,,,,,,
127,NW,PARNOV,8,75,600,A,,,,,,,,,,,,,
127,NW,DRYINT,4,225,900,A,,,,,,,,,,,,,
127,NW,HUPLUC,87,15,1305,A,,,,,,,,,,,,,
127,NW,TRIERE,2,10,20,A,,,,,,,,,,,,,
127,NE,DRYCAM,2,225,450,A,,,,,,,,,,,,,
127,NE,UVUSES,84,7,588,A,,,,,,,,,,,,,
127,NE,FAGGRA,13,35,455,A,,,,,,,,,,,,,
127,NE,DRYINT,9,125,1125,B,,,,,,,,,,,,,
127,NE,VIBLAN,20,50,1000,B,,,,,,,,,,,,,
127,NE,ARITRI,3,3,9,A,,,,,,,,,,,,,
127,NE,ACEPEN,2,2,4,A,,,,,,,,,,,,,
127,SE2,HUPLUC,55,15,825,A,,,,,,,,,,,,,
127,SE2,VIBLAN,58,170,9860,D,,,,,,,,,,,,,
127,SE,VIBLAN,10,200,2000,B,,,,,,,,,,,,,
127,SE,OXAMON,3,4,12,A,,,,,,,,,,,,,
127,SE,FAGGRA2,76,25,1900,B,,,,,,,,,,,,,
127,SE,DRYINT,2,40,80,A,,,,,,,,,,,,,
127,SW,UVUSES,231,5,1155,B,,,,,,,,,,,,,
127,SW,ACEPEN,8,150,1200,B,,,,,,,,,,,,,
127,SW,OXAMON,5,4,20,A,,,,,,,,,,,,,
127,SW,ARANUD,15,5,75,A,,,,,,,,,,,,,
127,SW,MEDVIR,14,3,42,A,,,,,,,,,,,,,
127,SW,HUPLUC,96,15,1440,A,,,,,,,,,,,,,
127,SW,DRYINT,4,60,240,A,,,,,,,,,,,,,
127,SW,ACESAC,2,10,20,A,,,,,,,,,,,,,
127,NW,DRYINT,22,200,4400,B,,,,,,,,,,,,,
127,NW,MEDVIR,12,4,48,A,,,,,,,,,,,,,
127,NW,FAGGRA2,24,40,960,B,,,,,,,,,,,,,
127,NW,VIBLAN,22,155,3410,B,,,,,,,,,,,,,
127,NW,ACESAC,5,15,75,A,,,,,,,,,,,,,
127,NW,ACEPEN,2,3,6,A,,,,,,,,,,,,,
77,NE,HUPLUC,23,10,230,A,,,,,,,,,,,,,
77,NE,VIBLAN,68,130,8840,D,,,,,,,,,,,,,
77,NE,DRYINT,4,220,880,B,,,,,,,,,,,,,
77,NE,TRIBOR,7,7,49,A,,,,,,,,,,,,,
77,NE,TRIERE,3,60,180,A,,,,,,,,,,,,,
77,NE,OXAMON,2,2,4,A,,,,,,,,,,,,,
77,NE,ACEPEN,9,85,765,B,,,,,,,,,,,,,
77,SE2,VIBLAN,39,120,4680,B,,,,,,,,,,,,,
77,SE2,UVUSES,82,10,820,A,,,,,,,,,,,,,
77,SE2,ACESAC,4,15,60,A,,,,,,,,,,,,,
77,SE2,DRYINT,4,185,740,A,,,,,,,,,,,,,
77,SE2,PRUSER,4,3,12,A,,,,,,,,,,,,,
77,SE2,FAGGRA,2,10,20,A,,,,,,,,,,,,,
77,SE2,ACERUB,4,2,8,A,,,,,,,,,,,,,
77,SE2,TRIBOR,40,6,240,A,,,,,,,,,,,,,
77,SE2,ACEPEN,4,5,20,A,,,,,,,,,,,,,
77,SE2,HUPLUC,6,10,60,A,,,,,,,,,,,,,
77,SE,VIBLAN,84,120,10080,D,,,,,,,,,,,,,
77,SE,HUPLUC,401,15,6015,B,,,,,,,,,,,,,
77,SE,ACEPEN,2,3,6,A,,,,,,,,,,,,,
77,SE,OXAMON,1,2,2,A,,,,,,,,,,,,,
77,SE,FAGGRA,3,10,30,A,,,,,,,,,,,,,
77,SE,DRYINT,1,150,150,A,,,,,,,,,,,,,
77,SW,MEDVIR,3,6,18,A,,,,,,,,,,,,,
77,SW,ACEPEN,20,115,2300,B,,,,,,,,,,,,,
77,SW,VIBLAN,29,110,3190,B,,,,,,,,,,,,,
77,SW,DRYINT,1.5,250,375,A,,,,,,,,,,,,,
77,SW,OXAMON,12,7,84,A,,,,,,,,,,,,,
77,SW,HUPLUC,244,15,3660,B,,,,,,,,,,,,,
77,NW,DRYINT,11,220,2420,B,,,,,,,,,,,,,
77,NW,ACEPEN,2,50,100,A,,,,,,,,,,,,,
77,NW,VIBLAN,40,120,4800,C,,,,,,,,,,,,,
77,NW,HUPLUC,22,10,220,A,,,,,,,,,,,,,
409,NE,DRYINT,2,10,20,A,,,,,,,,,,,,,
409,NE,MEDVIR,6,4,24,A,,,,,,,,,,,,,
409,NE,ACERUB,38,2,76,A,,,,,,,,,,,,,
409,NE,BETALL,2,0.5,1,A,,,,,,,,,,,,,
409,SE,ACERUB,90,3,270,A,,,,,,,,,,,,,
409,SE,ACEPEN,2,3,6,A,,,,,,,,,,,,,
409,SE,TRISPP,1,2,2,A,,,,,,,,,,,,,
409,SE,TSUCAN,2,0.5,1,A,,,,,,,,,,,,,
409,SE,BETALL,2,0.5,1,A,,,,,,,,,,,,,
409,SW2,DRYINT,8,165,1320,B,,,,,,,,,,,,,
409,SW2,ARANUD,26,20,520,A,,,,,,,,,,,,,
409,SW2,PICRUB,-1,-1,900,B,,,,,,,,,,,,,
409,SW2,TSUCAN,-1,-1,50,A,,,,,,,,,,,,,
409,SW2,OXAMON,38,5,190,A,,,,,,,,,,,,,
409,SW2,ACERUB,8,2,16,A,,,,,,,,,,,,,
409,SW2,BETALL,4,0.5,2,A,,,,,,,,,,,,,
409,SW2,CLIBOR,2,10,20,A,,,,,,,,,,,,,
409,SW,DRYINT,6,40,240,A,,,,,,,,,,,,,
409,SW,ACERUB,60,2,120,A,,,,,,,,,,,,,
409,SW,ACEPEN,2,2,4,A,,,,,,,,,,,,,
409,SW,TSUCAN,-1,-1,30,A,,,,,,,,,,,,,
409,SW,FAGGRA2,106,35,3710,B,,,,,,,,,,,,,
409,SW,OXAMON,3,4,12,A,,,,,,,,,,,,,
409,SW,BETALL,2,0.5,1,A,,,,,,,,,,,,,
409,NW,HUPLUC,40,15,600,A,,,,,,,,,,,,,
409,NW,DRYINT,5,35,175,A,,,,,,,,,,,,,
409,NW,ACERUB,72,2,144,A,,,,,,,,,,,,,
409,NW,OXAMON,11,4,44,A,,,,,,,,,,,,,
409,NW,STRLAN,3,5,15,A,,,,,,,,,,,,,
409,NW,BETALL,14,0.5,7,A,,,,,,,,,,,,,
409,NW,TSUCAN,1,5,5,A,,,,,,,,,,,,,
161,NE,GYMDRY,30,35,1050,A,,,,,,,,,,,,,
161,NE,OCLACU,104,7,728,A,,,,,,,,,,,,,
161,NE,OXAMON,76,6,456,A,,,,,,,,,,,,,
161,NE,DRYINT,10,150,1500,B,,,,,,,,,,,,,
161,NE,SAMRAC,4,17,68,A,,,,,,,,,,,,,
161,NE,ACESPI,32,4,128,A,,,,,,,,,,,,,
161,NE,STRLAN,8,10,80,A,,,,,,,,,,,,,
161,NE,ARANUD,2,4,8,A,,,,,,,,,,,,,
161,SE,ACESPI2,88,65,5720,C,,,,,,,,,,,,,
161,SE,DRYINT,16,175,2800,B,,,,,,,,,,,,,
161,SE,OCLACU,4,6,24,A,,,,,,,,,,,,,
161,SE,ACEPEN,6,3,18,A,,,,,,,,,,,,,
161,SE,OXAMON,2,1,2,A,,,,,,,,,,,,,
161,SW2,CINLAT,81,50,4050,B,,,,,,,,,,,,,
161,SW2,VIBLAN,19,150,2850,B,,,,,,,,,,,,,
161,SW2,VIOBLA,111,12,1332,B,,,,,,,,,,,,,
161,SW2,RUBPUB,13,7,91,A,,,,,,,,,,,,,
161,SW2,GYMDRY,8,30,240,A,,,,,,,,,,,,,
161,SW2,DENPUN,3,30,90,A,,,,,,,,,,,,,
161,SW2,DRYINT,2,200,400,A,,,,,,,,,,,,,
161,SW2,UNK032,6,55,330,A,,,,,,,,,,,,,
161,SW2,ACESPI,24,3,72,A,,,,,,,,,,,,,
161,SW,ACESPI,16,3,48,A,,,,,,,,,,,,,
161,SW,DRYINT,14,130,1820,B,,,,,,,,,,,,,
161,SW,VIBLAN,66,120,7920,D,,,,,,,,,,,,,
161,NW,ACESPI,126,35,4410,C,,,,,,,,,,,,,
161,NW,DRYINT,13,175,2275,B,,,,,,,,,,,,,
161,NW,GYMDRY,4,30,120,A,,,,,,,,,,,,,
161,NW,SAMRAC,54,35,1890,B,,,,,,,,,,,,,
161,NW,ACEPEN,2,5,10,A,,,,,,,,,,,,,
13,NE,DRYINT,19,145,2755,C,,,,,,,,,,,,,
13,NE,OCLACU,30,12,360,A,,,,,,,,,,,,,
13,NE,FRAAME,40,10,400,A,,,,,,,,,,,,,
13,NE,TIACOR,12,15,180,A,,,,,,,,,,,,,
13,NE,VIOSOR,3,7,21,A,,,,,,,,,,,,,
13,NE,ACESAC,8,12,96,A,,,,,,,,,,,,,
13,SE,THENOV,57,130,7410,B,,,,,,,,,,,,,
13,SE,ONOSEN,7,60,420,A,,,,,,,,,,,,,
13,SE,BETALL,108,12,1296,B,,,,,,,,,,,,,
13,SE,ATHANG,8,175,1400,B,,,,,,,,,,,,,
13,SE,DENPUN,8,125,1000,A,,,,,,,,,,,,,
13,SE,ACESAC,5,15,75,A,,,,,,,,,,,,,
13,SE,UVUSES,9,5,45,A,,,,,,,,,,,,,
13,SE,FRAAME,7,7,49,A,,,,,,,,,,,,,
13,SE,CARINT,11,25,275,A,,,,,,,,,,,,,
13,SW2,VIOSOR,85,15,1275,B,,,,,,,,,,,,,
13,SW2,FRAAME,48,10,480,B,,,,,,,,,,,,,
13,SW2,DRYINT,24,125,3000,B,,,,,,,,,,,,,
13,SW2,ACESAC,2,10,20,A,,,,,,,,,,,,,
13,SW2,VIOROT,4,25,100,A,,,,,,,,,,,,,
13,SW2,TRISPP,4,35,140,A,,,,,,,,,,,,,
13,SW,SAMRAC,26,12,312,A,,,,,,,,,,,,,
13,SW,FRAAME,-1,-1,770,A,,,,,,,,,,,,,
13,SW,DRYINT,9,125,1125,B,,,,,,,,,,,,,
13,SW,ACESAC,7,20,140,A,,,,,,,,,,,,,
13,SW,ACEPEN,4,3,12,A,,,,,,,,,,,,,
13,SW,BETALL,8,12,96,A,,,,,,,,,,,,,
13,SW,ARANUD,12,15,180,A,,,,,,,,,,,,,
13,SW,ATHANG,3,40,120,A,,,,,,,,,,,,,
13,NW,DRYINT,21,115,2415,B,,,,,,,,,,,,,
13,NW,ACESAC,6,30,180,A,,,,,,,,,,,,,
13,NW,FRAAME,5,7,35,A,,,,,,,,,,,,,
62,NE,ACEPEN,27,135,3645,C,,,,,,,,,,,,,
62,NE,FAGGRA,7,20,140,A,,,,,,,,,,,,,
62,NE,ACERUB,2,1,2,A,,,,,,,,,,,,,
62,SE2,FAGGRA,6,18,108,A,,,,,,,,,,,,,
62,SE2,ACEPEN,6,10,60,A,,,,,,,,,,,,,
62,SW,FAGGRA,103,45,4635,C,,,,,,,,,,,,,
62,SW,ACEPEN,8,4,32,A,,,,,,,,,,,,,
62,SW,PRUSER,3,3,9,A,,,,,,,,,,,,,
62,SE,ACEPEN,4,20,80,A,,,,,,,,,,,,,
62,SE,PRUSER,7,2,14,A,,,,,,,,,,,,,
62,SE,UVUSES,2,8,16,A,,,,,,,,,,,,,
62,NW,CARARC,16,20,320,A,,,,,,,,,,,,,
62,NW,ACERUB,24,10,240,A,,,,,,,,,,,,,
62,NW,ACEPEN,4,4,16,A,,,,,,,,,,,,,
62,NW,FAGGRA,30,20,600,A,,,,,,,,,,,,,
62,NW,VIBLAN,32,90,2880,B,,,,,,,,,,,,,
62,NW,DRYINT,1,50,50,A,,,,,,,,,,,,,
5,NE2,OCLACU,59,20,1180,A,,,,,,,,,,,,,
5,NE2,PHECON,29,70,2030,B,,,,,,,,,,,,,
5,NE2,PREALT,17,45,765,A,,,,,,,,,,,,,
5,NE2,TIACOR,142,20,2840,B,,,,,,,,,,,,,
5,NE2,CLIBOR,57,75,4275,B,,,,,,,,,,,,,
5,NE2,ACESPI,21,30,630,B,,,,,,,,,,,,,
5,NE2,MIACAN,30,10,300,A,,,,,,,,,,,,,
5,NE2,ACESAC,6,40,240,A,,,,,,,,,,,,,
5,NE2,BRAARI,13,15,195,A,,,,,,,,,,,,,
5,NE2,GOO--?,4,3,12,A,,,,,,,,,,,,,
5,NE2,OXAMON,7,3,21,A,,,,,,,,,,,,,
5,NE2,VIBLAN,12,90,1080,B,,,,,,,,,,,,,
5,NE2,STRLAN,9,10,90,A,,,,,,,,,,,,,
5,NE2,ACEPEN,4,4,16,A,,,,,,,,,,,,,
5,NE2,TRISPP,1,3,3,A,,,,,,,,,,,,,
5,NE2,UNK033,21,35,735,A,,,,,,,,,,,,,
5,NE2,CARINT,2,20,40,A,,,,,,,,,,,,,
5,NE2,CARARC,13,15,195,A,,,,,,,,,,,,,
5,NE,ATHANG,12,220,2640,B,,,,,,,,,,,,,
5,NE,VIBLAN,67,120,8040,C,,,,,,,,,,,,,
5,NE,ACESPI,10,25,250,A,,,,,,,,,,,,,
5,NE,BRAARI,9,20,180,A,,,,,,,,,,,,,
5,NE,PREALT,27,55,1485,B,,,,,,,,,,,,,
5,NE,TIACOR,111,12,1332,B,,,,,,,,,,,,,
5,NE,CARINT,6,25,150,A,,,,,,,,,,,,,
5,NE,PHECON,20,40,800,B,,,,,,,,,,,,,
5,NE,TRISPP,3,50,150,A,,,,,,,,,,,,,
5,NE,ACESAC,2,10,20,A,,,,,,,,,,,,,
5,NE,TSUCAN,-1,-1,60,A,,,,,,,,,,,,,
5,SE,ACESPI,6,3,18,A,,,,,,,,,,,,,
5,SE,ACEPEN,2,3,6,A,,,,,,,,,,,,,
5,SE,ABIBAL,-1,-1,700,A,,,,,,,,,,,,,
5,SE,VIBLAN,2,190,380,A,,,,,,,,,,,,,
5,SE,BETALL,8,1,8,A,,,,,,,,,,,,,
5,SE,OXAMON,3,3,9,A,,,,,,,,,,,,,
5,SW,DRYINT,7,250,1750,B,,,,,,,,,,,,,
5,SW,ABIBAL,4,75,300,A,,,,,,,,,,,,,
5,SW,MIACAN,109,15,1635,B,,,,,,,,,,,,,
5,SW,ACESPI,4,10,40,A,,,,,,,,,,,,,
5,SW,HUPLUC,20,10,200,A,,,,,,,,,,,,,
5,SW,OXAMON,23,4,92,A,,,,,,,,,,,,,
5,SW,ACEPEN,2,15,30,A,,,,,,,,,,,,,
5,SW,BETALL,6,1,6,A,,,,,,,,,,,,,
5,SW,TRIUND,6,15,90,A,,,,,,,,,,,,,
5,NW,ACERUB,23,30,690,A,,,,,,,,,,,,,
5,NW,BETALL,38,1,38,A,,,,,,,,,,,,,
5,NW,ACEPEN,5,4,20,A,,,,,,,,,,,,,
5,NW,TIACOR,8,11,88,A,,,,,,,,,,,,,
5,NW,PREALT,2,15,30,A,,,,,,,,,,,,,
5,NW,UNK033,2,20,40,A,,,,,,,,,,,,,
5,NW,TSUCAN,-1,-1,540,A,,,,,,,,,,,,,
5,NW,VIBLAN,116,110,12760,E,,,,,,,,,,,,,
5,NW,OXAMON,3,3,9,A,,,,,,,,,,,,,
1,NE,DRYINT,2,150,300,A,,,,,,,,,,,,,
1,NE,VIBLAN,80,95,7600,C,,,,,,,,,,,,,
1,NE,OXAMON,12,3,36,A,,,,,,,,,,,,,
1,NE,ACERUB,8,2,16,A,,,,,,,,,,,,,
1,NE,MIACAN,1,3,3,A,,,,,,,,,,,,,
1,NE,CLIBOR,2,3,6,A,,,,,,,,,,,,,
1,NE,FAGGRA,28,35,980,B,,,,,,,,,,,,,
1,NE,ACEPEN,4,40,160,A,,,,,,,,,,,,,
1,SE2,FAGGRA2,91,20,1820,B,,,,,,,,,,,,,
1,SE2,VIBLAN,68,115,7820,C,,,,,,,,,,,,,
1,SE2,VIOBLA,32,10,320,A,,,,,,,,,,,,,
1,SE2,TSUCAN,-1,-1,70,A,,,,,,,,,,,,,
1,SE2,ACEPEN,-1,-1,705,A,,,,,,,,,,,,,
1,SE2,MEDVIR,4,3,12,A,,,,,,,,,,,,,
1,SE2,OXAMON,3,3,9,A,,,,,,,,,,,,,
1,SE2,COPTRI,5,4,20,A,,,,,,,,,,,,,
1,SE2,TRIUND,1,25,25,A,,,,,,,,,,,,,
1,SE,VIBLAN,29,50,1450,B,,,,,,,,,,,,,
1,SE,PICRUB,-1,-1,1500,B,,,,,,,,,,,,,
1,SE,DRYINT,11,215,2365,B,,,,,,,,,,,,,
1,SE,PARNOV,15,40,600,B,,,,,,,,,,,,,
1,SE,MEDVIR,16,5,80,A,,,,,,,,,,,,,
1,SE,COPTRI,17,3,51,A,,,,,,,,,,,,,
1,SE,MIACAN,4,5,20,A,,,,,,,,,,,,,
1,SE,OXAMON,12,3,36,A,,,,,,,,,,,,,
1,SE,OSMCLT,7,500,3500,C,,,,,,,,,,,,,
1,SE,PHECON,1.5,15,22.5,A,,,,,,,,,,,,,
1,SE,TRISPP,1,1,1,A,,,,,,,,,,,,,
1,SE,ACERUB,2,2,4,A,,,,,,,,,,,,,
1,SE,DENPUN,1,10,10,A,,,,,,,,,,,,,
1,SW,VIBLAN,56,100,5600,C,,,,,,,,,,,,,
1,SW,CLIBOR,12,15,180,A,,,,,,,,,,,,,
1,SW,PICRUB2,-1,-1,3500,D,,,,,,,,,,,,,
1,SW,MIACAN,6,5,30,A,,,,,,,,,,,,,
1,SW,COPTRI,39,3,117,A,,,,,,,,,,,,,
1,SW,MEDVIR,15,3,45,A,,,,,,,,,,,,,
1,SW,ACEPEN,-1,-1,900,A,,,,,,,,,,,,,
1,SW,TRISPP,1,20,20,A,,,,,,,,,,,,,
1,SW,HUPLUC,7,10,70,A,,,,,,,,,,,,,
1,SW,MITREP,50,2,100,A,,,,,,,,,,,,,
1,SW,STRAMP,6,20,120,A,,,,,,,,,,,,,
1,SW,FRAAME,1,10,10,A,,,,,,,,,,,,,
1,SW,PICRUB,-1,-1,100,A,,,,,,,,,,,,,
1,SW,OXAMON,5,3,15,A,,,,,,,,,,,,,
1,SW,FAGGRA,2,20,40,A,,,,,,,,,,,,,
1,NW,VIBLAN,28,150,4200,B,,,,,,,,,,,,,
1,NW,PARNOV,117,100,11700,D,,,,,,,,,,,,,
1,NW,DENPUN,5,100,500,A,,,,,,,,,,,,,
1,NW,OXAMON,4,3,12,A,,,,,,,,,,,,,
1,NW,COPTRI,63,2,126,A,,,,,,,,,,,,,
1,NW,MIACAN,7,5,35,A,,,,,,,,,,,,,
1,NW,ARANUD,9,15,135,A,,,,,,,,,,,,,
1,NW,FRAAME,12,12,144,A,,,,,,,,,,,,,
1,NW,PICRUB2,-1,-1,525,A,,,,,,,,,,,,,
1,NW,PREALT,24,15,360,A,,,,,,,,,,,,,
1,NW,VIOBLA,3,5,15,A,,,,,,,,,,,,,
1,NW,TRIBOR,9,2,18,A,,,,,,,,,,,,,
1,NW,ACEPEN,2,5,10,A,,,,,,,,,,,,,
69,SE,UVUSES,118,6,708,A,,,,,,,,,,,,,
69,SE,DRYINT,3,165,495,A,,,,,,,,,,,,,
69,SE,MEDVIR,27,8,216,A,,,,,,,,,,,,,
69,SE,MIACAN,90,12,1080,A,,,,,,,,,,,,,
69,SE,ACEPEN,10,8,80,A,,,,,,,,,,,,,
69,SE,FAGGRA,40,22,880,A,,,,,,,,,,,,,
69,SE,OXAMON,8,4,32,A,,,,,,,,,,,,,
69,SE,CLIBOR,1,25,25,A,,,,,,,,,,,,,
69,SW,ACEPEN,2,2,4,A,,,,,,,,,,,,,
69,SW,VIBLAN,57,90,5130,C,,,,,,,,,,,,,
69,SW,FAGGRA2,56,40,2240,B,,,,,,,,,,,,,
69,SW,ACESPI,2,2,4,A,,,,,,,,,,,,,
69,NE,FAGGRA2,144,40,5760,C,,,,,,,,,,,,,
69,NE,ACESAC,2,15,30,A,,,,,,,,,,,,,
69,NE,ACESAC2,10,100,1000,B,,,,,,,,,,,,,
69,NE,VIOROT,5,35,175,A,,,,,,,,,,,,,
69,NE,MIACAN,35,10,350,A,,,,,,,,,,,,,
69,NE,TSUCAN,-1,-1,400,A,,,,,,,,,,,,,
69,NE,MIARAC,15,20,300,A,,,,,,,,,,,,,
69,NE,HUPLUC,32,10,320,A,,,,,,,,,,,,,
69,NE,FAGGRA,3,15,45,A,,,,,,,,,,,,,
69,NE,ACEPEN,16,110,1760,B,,,,,,,,,,,,,
69,NE,DRYINT,2,100,200,A,,,,,,,,,,,,,
69,NE,CLIBOR,2.5,50,125,A,,,,,,,,,,,,,
69,NE,UVUSES,17,8,136,A,,,,,,,,,,,,,
69,NW2,UVUSES,66,7,462,A,,,,,,,,,,,,,
69,NW2,ACEPEN,15,10,150,A,,,,,,,,,,,,,
69,NW2,VIBLAN,48,100,4800,C,,,,,,,,,,,,,
69,NW2,DRYINT,6,160,960,B,,,,,,,,,,,,,
69,NW2,MIACAN,11,15,165,A,,,,,,,,,,,,,
69,NW2,HUPLUC,5,15,75,A,,,,,,,,,,,,,
69,NW2,FAGGRA2,7,30,210,A,,,,,,,,,,,,,
69,NW2,ARANUD,9,12,108,A,,,,,,,,,,,,,
69,NW,DRYINT,9,100,900,B,,,,,,,,,,,,,
69,NW,VIBLAN,28,65,1820,B,,,,,,,,,,,,,
69,NW,ARANUD,40,15,600,A,,,,,,,,,,,,,
69,NW,HUPLUC,25,15,375,A,,,,,,,,,,,,,
69,NW,CLIBOR,16,40,640,A,,,,,,,,,,,,,
69,NW,MIACAN,70,12,840,A,,,,,,,,,,,,,
69,NW,FAGGRA2,91,35,3185,C,,,,,,,,,,,,,
69,NW,ACEPEN,8,3,24,A,,,,,,,,,,,,,
69,NW,ACESAC,2,3,6,A,,,,,,,,,,,,,
86,NE,BETALL,12,0.5,6,A,,,,,,,,,,,,,
86,NE,PICRUB,-1,-1,5,A,,,,,,,,,,,,,
86,SE,ACEPEN,12,3,36,A,,,,,,,,,,,,,
86,SE,ACESPI,2,3,6,A,,,,,,,,,,,,,
86,SE,BETALL,5,0.5,2.5,A,,,,,,,,,,,,,
86,SW2,PICRUB,-1,-1,60,A,,,,,,,,,,,,,
86,SW2,BETALL,58,0.5,29,A,,,,,,,,,,,,,
86,SW2,PRUSPP,3,1,3,A,,,,,,,,,,,,,
86,SW,ACEPEN,7,4,28,A,,,,,,,,,,,,,
86,SW,ACESPI,4,3,12,A,,,,,,,,,,,,,
86,SW,BETALL,10,0.5,5,A,,,,,,,,,,,,,
86,SW,PICRUB,-1,-1,35,A,,,,,,,,,,,,,
86,NW,ACESPI,16,30,480,A,,,,,,,,,,,,,
86,NW,ACESAC,2,4,8,A,,,,,,,,,,,,,
86,NW,ABIBAL,1,1,1,A,,,,,,,,,,,,,
86,NW,BETALL,6,0.5,3,A,,,,,,,,,,,,,
88,NE,PICRUB,-1,-1,2850,B,,,,,,,,,,,,,
88,NE,VIBLAN,46.5,90,4185,C,,,,,,,,,,,,,
88,NE,DRYINT,7,120,840,A,,,,,,,,,,,,,
88,NE,ACEPEN,10,4,40,A,,,,,,,,,,,,,
88,NE,TRIUND,1,20,20,A,,,,,,,,,,,,,
88,NE,LYCOBS,7,30,210,A,,,,,,,,,,,,,
88,NE,MIACAN,23,12,276,A,,,,,,,,,,,,,
88,NE,OXAMON,5,26,130,A,,,,,,,,,,,,,
88,SE2,DRYINT,15,110,1650,B,,,,,,,,,,,,,
88,SE2,CARSPP,3,10,30,A,,,,,,,,,,,,,
88,SE2,ACESAC,2,20,40,A,,,,,,,,,,,,,
88,SE2,ACEPEN,6,130,780,B,,,,,,,,,,,,,
88,SE2,HUPLUC,22,15,330,A,,,,,,,,,,,,,
88,SE2,LYCOBS,10,35,350,A,,,,,,,,,,,,,
88,SE2,MIACAN,5,20,100,A,,,,,,,,,,,,,
88,SE2,OXAMON,104,4,416,A,,,,,,,,,,,,,
88,SE,VIBLAN,105,109,11445,E,,,,,,,,,,,,,
88,SE,OXAMON,24,5,120,A,,,,,,,,,,,,,
88,SE,HUPLUC,113,15,1695,A,,,,,,,,,,,,,
88,SE,ACEPEN,4,4,16,A,,,,,,,,,,,,,
88,SE,MIACAN,5,7,35,A,,,,,,,,,,,,,
88,SE,DENOBS,1,40,40,A,,,,,,,,,,,,,
88,SW,DRYINT,1,130,130,A,,,,,,,,,,,,,
88,SW,OXAMON,5,4,20,A,,,,,,,,,,,,,
88,SW,VIBLAN,64,95,6080,C,,,,,,,,,,,,,
88,SW,DENOBS,3,15,45,A,,,,,,,,,,,,,
88,SW,PICRUB,-1,-1,1200,B,,,,,,,,,,,,,
88,SW,ABIBAL,-1,-1,60,A,,,,,,,,,,,,,
88,SW,BETALL,4,1,4,A,,,,,,,,,,,,,
88,NW,PHECON,11,90,990,A,,,,,,,,,,,,,
88,NW,OXAMON,89,4,356,A,,,,,,,,,,,,,
88,NW,DRYINT,6,90,540,B,,,,,,,,,,,,,
88,NW,ACEPEN,15,10,150,A,,,,,,,,,,,,,
88,NW,ACESPI,4,3,12,A,,,,,,,,,,,,,
88,NW,HUPLUC,18,12,216,A,,,,,,,,,,,,,
88,NW,DENOBS,3.5,30,105,A,,,,,,,,,,,,,
88,NW,MEDVIR,3,3,9,A,,,,,,,,,,,,,
88,NW,AMESPP,3,5,15,A,,,,,,,,,,,,,
88,NW,PICRUB ,-1,-1,300,A,,,,,,,,,,,,,
181,NE,OXAMON,47,5,235,A,,,,,,,,,,,,,
181,NE,DRYINT,17,145,2465,B,,,,,,,,,,,,,
181,NE,ACEPEN,12,3,36,A,,,,,,,,,,,,,
181,NE,ACESAC,2,15,30,A,,,,,,,,,,,,,
181,NE,FAGGRA,4,3,12,A,,,,,,,,,,,,,
181,SE,DRYINT,18,175,3150,B,,,,,,,,,,,,,
181,SE,ACEPEN,6,4,24,A,,,,,,,,,,,,,
181,SE,OXAMON,59,4,236,A,,,,,,,,,,,,,
181,SE,BETALL,1,0.5,0.5,A,,,,,,,,,,,,,
181,SW,VIBLAN,44,95,4180,C,,,,,,,,,,,,,
181,SW,DRYINT,21,175,3675,C,,,,,,,,,,,,,
181,SW,ACEPEN,10,5,50,A,,,,,,,,,,,,,
181,NW,DRYINT,13,200,2600,B,,,,,,,,,,,,,
181,NW,ACEPEN,12,4,48,A,,,,,,,,,,,,,
181,NW,ACESPI,8,3,24,A,,,,,,,,,,,,,
181,NW,BETALL,4,0.5,2,A,,,,,,,,,,,,,
181,NW2,DRYINT,4,130,520,A,,,,,,,,,,,,,
181,NW2,TRIUND,1,1,1,A,,,,,,,,,,,,,
181,NW2,ACEPEN,5,3,15,A,,,,,,,,,,,,,
181,NW2,ACESPI,2,2,4,A,,,,,,,,,,,,,
181,NW2,BETALL,8,0.7,5.6,A,,,,,,,,,,,,,
181,NW2,OXAMON,1,1,1,A,,,,,,,,,,,,,
44,NE2,VIOROT,24,20,480,A,,,,,,,,,,,,,
44,NE2,VIOBLA,62,10,620,A,,,,,,,,,,,,,
44,NE2,ACESAC,15,20,300,A,,,,,,,,,,,,,
44,NE2,DRYINT,7,190,1330,B,,,,,,,,,,,,,
44,NE2,HUPLUC,68,12,816,A,,,,,,,,,,,,,
44,NE2,UVUSES,11,3,33,A,,,,,,,,,,,,,
44,NE2,BETALL,175,22,3850,B,,,,,,,,,,,,,
44,NE,RUBIDE,16,15,240,A,,,,,,,,,,,,,
44,NE,HUPLUC,55,10,550,A,,,,,,,,,,,,,
44,NE,UVUSES,40,7,280,A,,,,,,,,,,,,,
44,NE,ACEPEN,6,30,180,A,,,,,,,,,,,,,
44,NE,VIOBLA,87,10,870,A,,,,,,,,,,,,,
44,NE,FAGGRA,32,45,1440,B,,,,,,,,,,,,,
44,NE,BETALL,54,20,1080,A,,,,,,,,,,,,,
44,NE,FRAAME,2,3,6,A,,,,,,,,,,,,,
44,NE,ACESAC,8,12,96,A,,,,,,,,,,,,,
44,NE,OXAMON,2,3,6,A,,,,,,,,,,,,,
44,SE,FRAAME,19,25,475,A,,,,,,,,,,,,,
44,SE,RUBIDE,30,6,180,A,,,,,,,,,,,,,
44,SE,BETALL,16,8,128,A,,,,,,,,,,,,,
44,SE,VIOBLA,68,15,1020,A,,,,,,,,,,,,,
44,SE,VIOROT,9,25,225,A,,,,,,,,,,,,,
44,SE,ARANUD,56,25,1400,B,,,,,,,,,,,,,
44,SE,TRIBOR,25,5,125,A,,,,,,,,,,,,,
44,SE,ARITRI,3,30,90,A,,,,,,,,,,,,,
44,SE,DRYINT,7,55,385,A,,,,,,,,,,,,,
44,SE,ACESAC,10,10,100,A,,,,,,,,,,,,,
44,SE,HUPLUC,3,10,30,A,,,,,,,,,,,,,
44,SW,ARANUD,57,12,684,A,,,,,,,,,,,,,
44,SW,UVUSES,291,6,1746,B,,,,,,,,,,,,,
44,SW,VIOBLA,64,7,448,A,,,,,,,,,,,,,
44,SW,VIOROT,7,10,70,A,,,,,,,,,,,,,
44,SW,OXAMON,11,4,44,A,,,,,,,,,,,,,
44,SW,HUPLUC,20,10,200,A,,,,,,,,,,,,,
44,SW,SAMRAC,45,17,765,A,,,,,,,,,,,,,
44,SW,STRAMP,16,10,160,A,,,,,,,,,,,,,
44,SW,FAGGRA,3,20,60,A,,,,,,,,,,,,,
44,SW,FRAAME,0.5,25,12.5,A,,,,,,,,,,,,,
44,SW,ACESAC,8,7,56,A,,,,,,,,,,,,,
44,SW,TRIARI,6,9,54,A,,,,,,,,,,,,,
44,NW,PARNOV,25,50,1250,B,,,,,,,,,,,,,
44,NW,TRIBOR,16,3,48,A,,,,,,,,,,,,,
44,NW,VIOROT,13,25,325,A,,,,,,,,,,,,,
44,NW,ACESAC,14,15,210,A,,,,,,,,,,,,,
44,NW,ATHANG,2,150,300,A,,,,,,,,,,,,,
44,NW,UVUSES,59,7,413,A,,,,,,,,,,,,,
44,NW,HUPLUC,20,15,300,A,,,,,,,,,,,,,
44,NW,BETALL,78,20,1560,A,,,,,,,,,,,,,
44,NW,VIOLBA,56,10,560,A,,,,,,,,,,,,,
44,NW,DRYINT,1,165,165,A,,,,,,,,,,,,,
44,NW,RUBIDE,7,15,105,A,,,,,,,,,,,,,
44,NW,ACEPEN,40,110,4400,C,,,,,,,,,,,,,
18,NE2,ARITRI,3,7,21,A,,,,,,,,,,,,,
18,NE2,RUBPUB,3,7,21,A,,,,,,,,,,,,,
18,NE2,TIACOR,12,25,300,A,,,,,,,,,,,,,
18,NE2,BETALL,540,1,540,A,,,,,,,,,,,,,
18,NE2,ARANUD ,12.5,30,375,A,,,,,,,,,,,,,
18,NE2,PHECON,7,35,245,A,,,,,,,,,,,,,
18,NE2,GYMDRY,7,35,245,A,,,,,,,,,,,,,
18,NE2,ACESPI,25,3,75,A,,,,,,,,,,,,,
18,NE2,ACERUB,57,2,114,A,,,,,,,,,,,,,
18,NE2,ATHANG,15,325,4875,B,,,,,,,,,,,,,
18,NE2,DEPACR,9,170,1530,B,,,,,,,,,,,,,
18,NE2,THAPUB,123,5,615,A,,,,,,,,,,,,,
18,NE2,VIBLAN,11,180,1980,B,,,,,,,,,,,,,
18,NE2,CLIBOR,1,30,30,A,,,,,,,,,,,,,
18,NE2,BROADLEAVEDSEDGE,28,30,840,A,,,,,,,,,,,,,
18,NE2,CARSPP,2,10,20,A,,,,,,,,,,,,,
18,NE2,RANREC,3,25,75,A,,,,,,,,,,,,,
18,NE2,mystery fern!!,1,200,200,A,,,,,,,,,,,,,
18,NE,FRAAME,72,25,1800,B,,,,,,,,,,,,,
18,NE,DRYINT,2,10,20,A,,,,,,,,,,,,,
18,NE,ARITRI,12,5,60,A,,,,,,,,,,,,,
18,NE,ACERUB,24,3,72,A,,,,,,,,,,,,,
18,NE,PRUSER,2,2,4,A,,,,,,,,,,,,,
18,NE,MIACAN,14,10,140,A,,,,,,,,,,,,,
18,NE,CORCOR,4.5,20,90,A,,,,,,,,,,,,,
18,NE,CLIBOR,1,25,25,A,,,,,,,,,,,,,
18,NE,ACESPI,8,30,240,A,,,,,,,,,,,,,
18,NE,IMPCAP,20,2,40,A,,,,,,,,,,,,,
18,NE,TIACOR,8,20,160,A,,,,,,,,,,,,,
18,NE,BETALL,401,10,4010,C,,,,,,,,,,,,,
18,NE,OSMCLT,4,450,1800,B,,,,,,,,,,,,,
18,NE,ATHANG,8,40,320,A,,,,,,,,,,,,,
18,NE,GYMDRY,10,30,300,A,,,,,,,,,,,,,
18,NE,ARANUD,48,30,1440,B,,,,,,,,,,,,,
18,NE,BROADLEAVEDSEDGE,1,25,25,A,,,,,,,,,,,,,
18,NE,TRIARI,3,60,180,A,,,,,,,,,,,,,
18,NE,ABIBSAL,-1,-1,600,A,,,,,,,,,,,,,
18,SE,UVUSES,75,7,525,A,,,,,,,,,,,,,
18,SE,FRAAME,28,30,840,A,,,,,,,,,,,,,
18,SE,BETALL,40,1,40,A,,,,,,,,,,,,,
18,SE,ARANUD,42,4,168,A,,,,,,,,,,,,,
18,SE,TIACOR,13,7,91,A,,,,,,,,,,,,,
18,SE,PRUVIR,39,8,312,A,,,,,,,,,,,,,
18,SE,IMPCAP,9,5,45,A,,,,,,,,,,,,,
18,SE,CARPEN,8,2,16,A,,,,,,,,,,,,,
18,SE,ACERUB,7,3,21,A,,,,,,,,,,,,,
18,SE,ACESPI,2,3,6,A,,,,,,,,,,,,,
18,SE,ATHANG,15.5,200,3100,B,,,,,,,,,,,,,
18,SE,UNK034,35,60,2100,B,,,,,,,,,,,,,
18,SE,DRYINT,15,175,2625,B,,,,,,,,,,,,,
18,SE,GYMDRY,9,25,225,A,,,,,,,,,,,,,
18,SE,BRAARI,1,35,35,A,,,,,,,,,,,,,
18,SW,ARITRI,9,5,45,A,,,,,,,,,,,,,
18,SW,ARANUD,15,25,375,A,,,,,,,,,,,,,
18,SW,GYMDRY,29,35,1015,A,,,,,,,,,,,,,
18,SW,ACESPI,82,20,1640,B,,,,,,,,,,,,,
18,SW,CLIBOR,2,12,24,A,,,,,,,,,,,,,
18,SW,OXAMON,13,3,39,A,,,,,,,,,,,,,
18,SW,IMPCAP,8,5,40,A,,,,,,,,,,,,,
18,SW,BETALL,3,1,3,A,,,,,,,,,,,,,
18,SW,RUBPUB,6,6,36,A,,,,,,,,,,,,,
18,SW,CORCOR,3,10,30,A,,,,,,,,,,,,,
18,SW,ACERUB,2,2,4,A,,,,,,,,,,,,,
18,NW,SOLFLE,14,30,420,A,,,,,,,,,,,,,
18,NW,SOLRUG,63,20,1260,A,,,,,,,,,,,,,
18,NW,ACESAC,35,85,2975,B,,,,,,,,,,,,,
18,NW,ACESPI,31,30,930,A,,,,,,,,,,,,,
18,NW,TIACOR,228,10,2280,B,,,,,,,,,,,,,
18,NW,OXAMON,30,3,90,A,,,,,,,,,,,,,
18,NW,RUBALL,32,15,480,A,,,,,,,,,,,,,
18,NW,DRYINT,9,175,1575,B,,,,,,,,,,,,,
18,NW,RUBIDE,99,7,693,A,,,,,,,,,,,,,
18,NW,DEPACR,3,130,390,A,,,,,,,,,,,,,
18,NW,BRAARI,3,10,30,A,,,,,,,,,,,,,
18,NW,BROADLEAVEDSEDGE,20,35,700,A,,,,,,,,,,,,,
18,NW,RUBPUB,36,10,360,A,,,,,,,,,,,,,
18,NW,UNK034,7,25,175,A,,,,,,,,,,,,,
18,NW,UNK035,4,7,28,A,,,,,,,,,,,,,
18,NW,TSUCAN,-1,-1,20,A,,,,,,,,,,,,,
174,NE,OCLACU,69,10,690,A,,,,,,,,,,,,,
174,NE,MIARAC,25,35,875,A,,,,,,,,,,,,,
174,NE,UVUSES,94,4,376,A,,,,,,,,,,,,,
174,NE,IMPCAP,40,4,160,A,,,,,,,,,,,,,
174,NE,SOLRUG,64,6,384,A,,,,,,,,,,,,,
174,NE,UNK036,35,10,350,A,,,,,,,,,,,,,
174,NE,VIOBLA,15,7,105,A,,,,,,,,,,,,,
174,NE,VIOROT,2,20,40,A,,,,,,,,,,,,,
174,NE,TRIBOR,7,4,28,A,,,,,,,,,,,,,
174,NE,ACESAC,2,15,30,A,,,,,,,,,,,,,
174,NE,DRYINT,1,30,30,A,,,,,,,,,,,,,
174,NE,PHECON,23,30,690,B,,,,,,,,,,,,,
174,NE,HUPLUC,12,10,120,A,,,,,,,,,,,,,
174,NE,CLIBOR,1,20,20,A,,,,,,,,,,,,,
174,NE,TRIERE,3,20,60,A,,,,,,,,,,,,,
174,SE,PHECON,58,15,870,A,,,,,,,,,,,,,
174,SE,DEPACR,3,50,150,A,,,,,,,,,,,,,
174,SE,ATHANG,21,140,2940,B,,,,,,,,,,,,,
174,SE,VIOROT,10,20,200,A,,,,,,,,,,,,,
174,SE,UVUSES,68,8,544,A,,,,,,,,,,,,,
174,SE,POLACR,9.5,100,950,B,,,,,,,,,,,,,
174,SE,ACESAC,6,4,24,A,,,,,,,,,,,,,
174,SE,UNK037,4,20,80,A,,,,,,,,,,,,,
174,SE,ACEPEN,4,10,40,A,,,,,,,,,,,,,
174,SE,HUPLUC,62,10,620,A,,,,,,,,,,,,,
174,SE,STRAMP,5,7,35,A,,,,,,,,,,,,,
174,SE,MEDVIR,3,3,9,A,,,,,,,,,,,,,
174,SE,CARSPP,2,5,10,A,,,,,,,,,,,,,
174,SW,ARANUD,1,10,10,A,,,,,,,,,,,,,
174,SW,PHECON,54,85,4590,B,,,,,,,,,,,,,
174,SW,ATHANG,26,225,5850,C,,,,,,,,,,,,,
174,SW,DRYINT,3,260,780,A,,,,,,,,,,,,,
174,SW,PREALT,2,4,8,A,,,,,,,,,,,,,
174,SW,FRAAME,8,30,240,A,,,,,,,,,,,,,
174,SW,VIOBLA,32,15,480,A,,,,,,,,,,,,,
174,SW,ACESAC,6,22,132,A,,,,,,,,,,,,,
174,SW,ACEPEN,3.5,3,10.5,A,,,,,,,,,,,,,
174,SW,OXAMON,37,4,148,A,,,,,,,,,,,,,
174,SW,CIRALP,4,3,12,A,,,,,,,,,,,,,
174,SW,FAGGRA2,1,35,35,A,,,,,,,,,,,,,
174,NW2,BETALL,32,12,384,A,,,,,,,,,,,,,
174,NW2,ATHANG,25.5,225,5737.5,B,,,,,,,,,,,,,
174,NW2,VIOBLA,28,22,616,A,,,,,,,,,,,,,
174,NW2,CLIBOR,1,30,30,A,,,,,,,,,,,,,
174,NW2,ACESAC,12,5,60,A,,,,,,,,,,,,,
174,NW2,OCLACU,115,20,2300,B,,,,,,,,,,,,,
174,NW2,IMPCAP,88,4,352,A,,,,,,,,,,,,,
174,NW2,OXAMON,10,3,30,A,,,,,,,,,,,,,
174,NW2,ACTPAC,48,7,336,A,,,,,,,,,,,,,
174,NW2,UVUSES,10,4,40,A,,,,,,,,,,,,,
174,NW2,VIOROT,19,8,152,A,,,,,,,,,,,,,
174,NW2,PHECON,1,3,3,A,,,,,,,,,,,,,
174,NW2,CINLAT,-1,-1,90,A,,,,,,,,,,,,,
174,NW,OCLACU,123,15,1845,A,,,,,,,,,,,,,
174,NW,PARNOV,79,140,11060,C,,,,,,,,,,,,,
174,NW,POLACR,18,80,1440,B,,,,,,,,,,,,,
174,NW,STRAMP,24,12,288,A,,,,,,,,,,,,,
174,NW,TIACOR,17,15,255,A,,,,,,,,,,,,,
174,NW,BETALL,23,10,230,A,,,,,,,,,,,,,
174,NW,TRIUND,3,25,75,A,,,,,,,,,,,,,
174,NW,FRAAME,2,7,14,A,,,,,,,,,,,,,
174,NW,VIOROT,4,10,40,A,,,,,,,,,,,,,
174,NW,ACESAC,5,5,25,A,,,,,,,,,,,,,
174,NW,CINLAT,-1,-1,60,A,,,,,,,,,,,,,
174,NW,UVUSES,7,4,28,A,,,,,,,,,,,,,
174,NW,TRIBOR,9,4,36,A,,,,,,,,,,,,,
174,NW,SORDEC,6,2,12,A,,,,,,,,,,,,,
174,NW,IMPCAP,37,3,111,A,,,,,,,,,,,,,
174,NW,UNK038,11,25,275,A,,,,,,,,,,,,,
155,NE,PICRUB2,-1,-1,900,B,,,,,,,,,,,,,
155,NE,ACEPEN,6,15,90,A,,,,,,,,,,,,,
155,NE,CLIBOR,3,20,60,A,,,,,,,,,,,,,
155,NE,SAMRAC,3,12,36,A,,,,,,,,,,,,,
155,NE,DRYINT,2,25,50,A,,,,,,,,,,,,,
155,NE,ABIBAL,1,1,1,A,,,,,,,,,,,,,
155,SE2,CLIBOR,24,22,528,A,,,,,,,,,,,,,
155,SE2,STRAMP,9,12,108,A,,,,,,,,,,,,,
155,SE2,HUPLUC,39,10,390,A,,,,,,,,,,,,,
155,SE2,MIARAC,14,12,168,A,,,,,,,,,,,,,
155,SE2,ACESAC,5,3,15,A,,,,,,,,,,,,,
155,SE2,ACEPEN,10,7,70,A,,,,,,,,,,,,,
155,SE2,SAMRAC,3,15,45,A,,,,,,,,,,,,,
155,SE2,PICRUB2,-1,-1,540,A,,,,,,,,,,,,,
155,SE2,VIOBLA,105,7,735,A,,,,,,,,,,,,,
155,SE2,CARDEB,6,20,120,A,,,,,,,,,,,,,
155,SE,VIBLAN,20,125,2500,B,,,,,,,,,,,,,
155,SE,ACESAC,16,10,160,A,,,,,,,,,,,,,
155,SE,STRLAN,58,7,406,A,,,,,,,,,,,,,
155,SE,CLIBOR,8,20,160,A,,,,,,,,,,,,,
155,SE,OCLACU,9.5,12,114,A,,,,,,,,,,,,,
155,SE,UVUSES,8,6,48,A,,,,,,,,,,,,,
155,SE,FAGGRA2,6,45,270,A,,,,,,,,,,,,,
155,SE,STRAMP,14,15,210,A,,,,,,,,,,,,,
155,SE,ATHANG,2,40,80,A,,,,,,,,,,,,,
155,SW,ARANUD,48,15,720,B,,,,,,,,,,,,,
155,SW,CLIBOR,1,10,10,A,,,,,,,,,,,,,
155,SW,TRIBOR,5,2,10,A,,,,,,,,,,,,,
155,SW,DRYINT,5,180,900,A,,,,,,,,,,,,,
155,SW,VIOBLA,3,15,45,A,,,,,,,,,,,,,
155,SW,BETALL,6,0.5,3,A,,,,,,,,,,,,,
155,SW,ACESAC,4,7,28,A,,,,,,,,,,,,,
155,SW,ACEPEN,1,5,5,A,,,,,,,,,,,,,
155,NW,HUPLUC,34,10,340,A,,,,,,,,,,,,,
155,NW,ATHANG,37,190,7030,C,,,,,,,,,,,,,
155,NW,MIARAC,8,25,200,A,,,,,,,,,,,,,
155,NW,LONCAN,52,7,364,A,,,,,,,,,,,,,
155,NW,PRUSER,4,4,16,A,,,,,,,,,,,,,
155,NW,ACESAC,2.5,7,17.5,A,,,,,,,,,,,,,
155,NW,MIACAN,1,3,3,A,,,,,,,,,,,,,
42,NE,OXAMON,55,3,165,A,,,,,,,,,,,,,
42,NE,HUPLUC,99,15,1485,A,,,,,,,,,,,,,
42,NE,DRYINT,43,185,7955,C,,,,,,,,,,,,,
42,NE,ACEPEN,25,180,4500,B,,,,,,,,,,,,,
42,NE,TRIBOR,44,6,264,A,,,,,,,,,,,,,
42,NE,CLIBOR,32.5,35,1137.5,A,,,,,,,,,,,,,
42,NE,ACESAC,2,45,90,A,,,,,,,,,,,,,
42,NE,STRAMP,1,5,5,A,,31,,,,,,,,,,,
42,NE,TRIERE,5,1,5,A,,,,,,,,,,,,,
42,NE,VIBLAN,2,200,400,A,,,,,,,,,,,,,
42,SE2,DRYINT,27,185,4995,B,,,,,,,,,,,,,
42,SE2,STRLAN,71,8,568,A,,,,,,,,,,,,,
42,SE2,ACEPEN,42.5,200,8500,C,,,,,,,,,,,,,
42,SE2,OXAMON,55,4,220,A,,,,,,,,,,,,,
42,SE2,ACESAC,16,25,400,A,,,,,,,,,,,,,
42,SE2,VIOBLA,68,10,680,A,,,,,,,,,,,,,
42,SE2,TRIBOR,13,4,52,A,,,,,,,,,,,,,
42,SE2,MIACAN,16,12,192,A,,,,,,,,,,,,,
42,SE2,HUPLUC,76,15,1140,A,,,,,,,,,,,,,
42,SE,VIBLAN,25,140,3500,B,,,,,,,,,,,,,
42,SE,DRYINT,28,130,3640,B,,,,,,,,,,,,,
42,SE,CLIBOR,14,55,770,A,,,,,,,,,,,,,
42,SE,OXAMON,22,3,66,A,,,,,,,,,,,,,
42,SE,TRIBOR,22,6,132,A,,,,,,,,,,,,,
42,SE,ACEPEN,21,130,2730,B,,,,,,,,,,,,,
42,SE,ACESAC,5,10,50,A,,,,,,,,,,,,,
42,SE,HUPLUC,4,10,40,A,,,,,,,,,,,,,
42,SE,VIOBLA,55,15,825,A,,,,,,,,,,,,,
42,SW,OCLACU,16,10,160,A,,,,,,,,,,,,,
42,SW,ACEPEN,8,110,880,B,,,,,,,,,,,,,
42,SW,CLIBOR,51,65,3315,B,,,,,,,,,,,,,
42,SW,DRYCAM,53,160,8480,C,,,,,,,,,,,,,
42,SW,HUPLUC,125,10,1250,A,,,,,,,,,,,,,
42,SW,OXAMON,36,4,144,A,,,,,,,,,,,,,
42,SW,VIOBLA,3,15,45,A,,,,,,,,,,,,,
42,SW,ACESAC,2,10,20,A,,,,,,,,,,,,,
42,NW,FAGGRA2,37,25,925,B,,,,,,,,,,,,,
42,NW,ACEPEN,39,105,4095,C,,,,,,,,,,,,,
42,NW,FAGGRA,41,25,1025,B,,,,,,,,,,,,,
42,NW,VIBLAN,21,120,2520,B,,,,,,,,,,,,,
42,NW,ACESAC,13,55,715,A,,,,,,,,,,,,,
42,NW,CLIBOR,32,60,1920,B,,,,,,,,,,,,,
42,NW,OXAMON,60,4,240,A,,,,,,,,,,,,,
42,NW,TRIBOR,19,7,133,A,,,,,,,,,,,,,
42,NW,HUPLUC,159,15,2385,A,,,,,,,,,,,,,
42,NW,VIOBLA,2,5,10,A,,,,,,,,,,,,,
42,NW,DRYINT,16,155,2480,B,,,,,,,,,,,,,
140,NE,MONUNI,7,2,14,A,,,,,,,,,,,,,
140,NE,ACEPEN,10,5,50,A,,,,,,,,,,,,,
140,NE,ACESAC,1,3,3,A,,,,,,,,,,,,,
140,NE,ACESPI,4,3,12,A,,,,,,,,,,,,,
140,NE,BETALL,5,0.5,2.5,A,,,,,,,,,,,,,
140,NE,ABIBAL,-1,-1,20,A,,,,,,,,,,,,,
140,SE,DRYINT,17,140,2380,B,,,,,,,,,,,,,
140,SE,CLIBOR,7,60,420,A,,,,,,,,,,,,,
140,SE,ACESPI,11,100,1100,B,,,,,,,,,,,,,
140,SE,ACESAC,6,15,90,A,,,,,,,,,,,,,
140,SE,ACEPEN,2,50,100,A,,,,,,,,,,,,,
140,SE,MIACAN,1,10,10,A,,,,,,,,,,,,,
140,SE,PICRUB2,-1,-1,1375,B,,,,,,,,,,,,,
140,SW,DRYINT,2,90,180,A,,,,,,,,,,,,,
140,SW,ACEPEN,1,120,120,A,,,,,,,,,,,,,
140,SW,ABIBAL,-1,-1,350,A,,,,,,,,,,,,,
140,SW,PICRUB2,-1,-1,10,A,,,,,,,,,,,,,
140,NW2,PICRUB2,-1,-1,2750,C,,,,,,,,,,,,,
140,NW2,ACESPI,2,3,6,A,,,,,,,,,,,,,
55,NE,DRYINT,11,175,1925,B,,,,,,,,,,,,,
55,NE,VIBLAN,6,95,570,B,,,,,,,,,,,,,
55,NE,ACEPEN,4,10,40,A,,,,,,,,,,,,,
55,NE,ACESPI,4,3,12,A,,,,,,,,,,,,,
55,NE,OXAMON,3,2,6,A,,,,,,,,,,,,,
55,NE,HUPLUC,2,10,20,A,,,,,,,,,,,,,
55,NE,BETALL,1,1,1,A,,,,,,,,,,,,,
55,NE,ACESAC,4,45,180,A,,,,,,,,,,,,,
55,SE2,VIBLAN,14,65,910,A,,,,,,,,,,,,,
55,SE2,DRYINT,3,20,60,A,,,,,,,,,,,,,
55,SE2,MEDVIR,3,7,21,A,,,,,,,,,,,,,
55,SE2,ACESPI,4,2,8,A,,,,,,,,,,,,,
55,SE2,ACEPEN,2,8,16,A,,,,,,,,,,,,,
55,SE2,FAGGRA2,18,40,720,A,,,,,,,,,,,,,
55,SE,VIBLAN,23,80,1840,B,,,,,,,,,,,,,
55,SE,BETALL,10,0.5,5,A,,,,,,,,,,,,,
55,SW,FAGGRA2,38,25,950,B,,,,,,,,,,,,,
55,SW,FAGGRA,22,19,418,B,,,,,,,,,,,,,
55,SW,VIBLAN,17,105,1785,B,,,,,,,,,,,,,
55,SW,ACESPI,8,3,24,A,,,,,,,,,,,,,
55,SW,DRYINT,3,135,405,A,,,,,,,,,,,,,
55,SW,ACERUB,4,2,8,A,,,,,,,,,,,,,
55,SW,TRIUND,3,35,105,A,,,,,,,,,,,,,
55,SW,BETALL,1,0.5,0.5,A,,,,,,,,,,,,,
55,NW,PARNOV,35,50,1750,B,,,,,,,,,,,,,
55,NW,MEDVIR,21,4,84,A,,,,,,,,,,,,,
55,NW,ACESAC,2,10,20,A,,,,,,,,,,,,,
55,NW,TRIBOR,2,4,8,A,,,,,,,,,,,,,
55,NW,ACESPI,4,3,12,A,,,,,,,,,,,,,
55,NW,BETALL,5,0.5,2.5,A,,,,,,,,,,,,,
55,NW,CARSPP,1,10,10,A,,,,,,,,,,,,,
55,NW,UVUSES,4,4,16,A,,,,,,,,,,,,,
55,NW,FAGGRA,17,25,425,A,,,,,,,,,,,,,
21,NE,SAMBUCUS,47,35,1645,B,,,,,,,,,,,,,
21,NE,ACEPEN,5,50,250,A,,,,,,,,,,,,,
21,NE,DENPUN,6,140,840,B,,,,,,,,,,,,,
21,NE,DRYINT,16,160,2560,B,,,,,,,,,,,,,
21,NE,VIBLAN,4.5,105,472.5,A,,,,,,,,,,,,,
21,NE,OXAMON,80,4,320,A,,,,,,,,,,,,,
21,NE,TRIBOR,33,5,165,A,,,,,,,,,,,,,
21,NE,STRLAN,3,10,30,A,,,,,,,,,,,,,
21,SE,OXAMON,3,2,6,A,,,,,,,,,,,,,
21,SE,FAGGRA,130,35,4550,B,,,,,,,,,,,,,
21,SE,ACEPEN,5,5,25,A,,,,,,,,,,,,,
21,SW2,OCLACU,104,6,624,A,,,,,,,,,,,,,
21,SW2,ACEPEN,3,190,570,A,,,,,,,,,,,,,
21,SW2,BETALL,7,1,7,A,,,,,,,,,,,,,
21,SW2,FAGGRA2,57,40,2280,B,,,,,,,,,,,,,
21,SW2,OXAMON,4,2,8,A,,,,,,,,,,,,,
21,SW,OXAMON,41,3,123,A,,,,,,,,,,,,,
21,SW,ACEPEN,6,4,24,A,,,,,,,,,,,,,
21,NW,OXAMON,17,3,51,A,,,,,,,,,,,,,
21,NW,ACESPI,23,40,920,A,,,,,,,,,,,,,
21,NW,ACEPEN,23,25,1925,B,,,,,,,,,,,,,
21,NW,OCLACU,179,6,1074,A,,,,,,,,,,,,,
21,NW,TSUCAN,-1,-1,300,A,,,,,,,,,,,,,
21,NW,PICRUB2,-1,-1,1600,C,,,,,,,,,,,,,
129,NE,DRYINT,14.5,90,1305,B,,,,,,,,,,,,,
129,NE,VIBLAN,27,90,2430,B,,,,,,,,,,,,,
129,NE,TRIUND,3,60,180,A,,,,,,,,,,,,,
129,NE,ACERUB,6,3,18,A,,,,,,,,,,,,,
129,NE,SORSPP.,24,1,24,A,,,,,,,,,,,,,
129,NE,PICRUB,-1,-1,85,A,,,,,,,,,,,,,
129,SE,PARNOV,2,50,100,A,,,,,,,,,,,,,
129,SE,FAGGRA,21,20,420,A,,,,,,,,,,,,,
129,SE,BETALL2,5,5,25,A,,,,,,,,,,,,,
129,SE,SORBUS,1,17,17,A,,,,,,,,,,,,,
129,SE,ACERUB,2,2,4,A,,,,,,,,,,,,,
129,SW2,VIBLAN,20,90,1800,B,,,,,,,,,,,,,
129,SW2,PICRUB,-1,-1,210,A,,,,,,,,,,,,,
129,SW2,ABIBAL,-1,-1,45,A,,,,,,,,,,,,,
129,SW2,ACERUB,3,3,9,A,,,,,,,,,,,,,
129,SW2,CARINT,5,50,250,A,,,,,,,,,,,,,
129,SW2,SORBUS,1,1,1,A,,,,,,,,,,,,,
129,SW2,PARNOV,1,40,40,A,,,,,,,,,,,,,
129,SW,BETALL2,4,12,48,A,,,,,,,,,,,,,
129,SW,BETALL,3,1,3,A,,,,,,,,,,,,,
129,SW,CARSPP,1,10,10,A,,,,,,,,,,,,,
129,SW,ABIBAL,3,1,3,A,,,,,,,,,,,,,
129,SW,SORBUS,3,1,3,A,,,,,,,,,,,,,
129,SW,PICRUB,-1,-1,1100,B,,,,,,,,,,,,,
129,NW,CARINT,2,50,100,A,,,,,,,,,,,,,
129,NW,PARNOV,2,90,180,A,,,,,,,,,,,,,
129,NW,VIBLAN,3,30,90,A,,,,,,,,,,,,,
129,NW,ACERUB,8,3,24,A,,,,,,,,,,,,,
129,NW,ABIBAL,6,1,6,A,,,,,,,,,,,,,
129,NW,SORBUS,3,1,3,A,,,,,,,,,,,,,
129,NW,BETALL,2,1,2,A,,,,,,,,,,,,,
129,NW,TRIUND,1,2,2,A,,,,,,,,,,,,,
129,NW,BETALL2,1,10,10,A,,,,,,,,,,,,,
,,,,,0,,,,,,,,,,,,,,
,,,,,0,,,,,,,,,,,,,,
,,,,,0,,,,,,,,,,,,,,
,,,,,0,,,,,,,,,,,,,,
,,,,,0,,,,,,,,,,,,,,
,,,,,0,,,,,,,,,,,,,,
,,,,,0,,,,,,,,,,,,,,
,,,,,0,,,,,,,,,,,,,,
,,,,,0,,,,,,,,,,,,,,
,,,,,0,,,,,,,,,,,,,,
,,,,,0,,,,,,,,,,,,,,
,,,,,0,,,,,,,,,,,,,,
,,,,,0,,,,,,,,,,,,,,
,,,,,0,,,,,,,,,,,,,,
,,,,,0,,,,,,,,,,,,,,
,,,,,0,,,,,,,,,,,,,,
,,,,,0,,,,,,,,,,,,,,
,,,,,0,,,,,,,,,,,,,,
,,,,,0,,,,,,,,,,,,,,
,,,,,0,,,,,,,,,,,,,,
,,,,,0,,,,,,,,,,,,,,
,,,,,0,,,,,,,,,,,,,,
,,,,,0,,,,,,,,,,,,,,
,,,,,0,,,,,,,,,,,,,,
,,,,,0,,,,,,,,,,,,,,
,,,,,0,,,,,,,,,,,,,,
,,,,,0,,,,,,,,,,,,,,
,,,,,0,,,,,,,,,,,,,,
,,,,,0,,,,,,,,,,,,,,
,,,,,0,,,,,,,,,,,,,,
,,,,,0,,,,,,,,,,,,,,
,,,,,0,,,,,,,,,,,,,,
,,,,,0,,,,,,,,,,,,,,
,,,,,0,,,,,,,,,,,,,,
,,,,,0,,,,,,,,,,,,,,
,,,,,0,,,,,,,,,,,,,,
,,,,,0,,,,,,,,,,,,,,
,,,,,0,,,,,,,,,,,,,,
,,,,,0,,,,,,,,,,,,,,
,,,,,0,,,,,,,,,,,,,,
,,,,,0,,,,,,,,,,,,,,
,,,,,0,,,,,,,,,,,,,,
,,,,,0,,,,,,,,,,,,,,
,,,,,0,,,,,,,,,,,,,,
,,,,,0,,,,,,,,,,,,,,
,,,,,0,,,,,,,,,,,,,,
,,,,,0,,,,,,,,,,,,,,
,,,,,0,,,,,,,,,,,,,,
,,,,,0,,,,,,,,,,,,,,
,,,,,0,,,,,,,,,,,,,,
,,,,,0,,,,,,,,,,,,,,
,,,,,0,,,,,,,,,,,,,,
,,,,,0,,,,,,,,,,,,,,
,,,,,0,,,,,,,,,,,,,,
,,,,,0,,,,,,,,,,,,,,
,,,,,0,,,,,,,,,,,,,,
,,,,,0,,,,,,,,,,,,,,
,,,,,0,,,,,,,,,,,,,,
,,,,,0,,,,,,,,,,,,,,
,,,,,0,,,,,,,,,,,,,,
,,,,,0,,,,,,,,,,,,,,
,,,,,0,,,,,,,,,,,,,,
,,,,,0,,,,,,,,,,,,,,
,,,,,0,,,,,,,,,,,,,,
,,,,,0,,,,,,,,,,,,,,
,,,,,0,,,,,,,,,,,,,,
,,,,,0,,,,,,,,,,,,,,
,,,,,0,,,,,,,,,,,,,,
,,,,,0,,,,,,,,,,,,,,
,,,,,0,,,,,,,,,,,,,,
,,,,,0,,,,,,,,,,,,,,
,,,,,0,,,,,,,,,,,,,,
,,,,,0,,,,,,,,,,,,,,
,,,,,0,,,,,,,,,,,,,,
,,,,,0,,,,,,,,,,,,,,
,,,,,0,,,,,,,,,,,,,,
,,,,,0,,,,,,,,,,,,,,
,,,,,0,,,,,,,,,,,,,,
,,,,,0,,,,,,,,,,,,,,
,,,,,0,,,,,,,,,,,,,,
,,,,,0,,,,,,,,,,,,,,
,,,,,0,,,,,,,,,,,,,,
,,,,,0,,,,,,,,,,,,,,
,,,,,0,,,,,,,,,,,,,,
,,,,,0,,,,,,,,,,,,,,
,,,,,0,,,,,,,,,,,,,,
,,,,,0,,,,,,,,,,,,,,
,,,,,0,,,,,,,,,,,,,,
,,,,,0,,,,,,,,,,,,,,
,,,,,0,,,,,,,,,,,,,,
,,,,,0,,,,,,,,,,,,,,
,,,,,0,,,,,,,,,,,,,,
,,,,,0,,,,,,,,,,,,,,
,,,,,0,,,,,,,,,,,,,,
,,,,,0,,,,,,,,,,,,,,
,,,,,0,,,,,,,,,,,,,,
,,,,,0,,,,,,,,,,,,,,
,,,,,0,,,,,,,,,,,,,,
,,,,,0,,,,,,,,,,,,,,
,,,,,0,,,,,,,,,,,,,,
,,,,,0,,,,,,,,,,,,,,
,,,,,0,,,,,,,,,,,,,,
,,,,,0,,,,,,,,,,,,,,
,,,,,0,,,,,,,,,,,,,,
,,,,,0,,,,,,,,,,,,,,
,,,,,0,,,,,,,,,,,,,,
,,,,,0,,,,,,,,,,,,,,
,,,,,0,,,,,,,,,,,,,,
,,,,,0,,,,,,,,,,,,,,
,,,,,0,,,,,,,,,,,,,,
,,,,,0,,,,,,,,,,,,,,
,,,,,0,,,,,,,,,,,,,,
,,,,,0,,,,,,,,,,,,,,
,,,,,0,,,,,,,,,,,,,,